PMID,Model Numbers,Model Stage,Model Name,Model Type,Prediction Variables,AUC Values,C-index Values,Accuracy,F1-score,Calibration Values,Nomogram Application,Use of TRIPOD Guidelines
37842633,1,Development/internal validation,LassoNet-RNN,Hybrid Neural Network (LassoNet combined with Recurrent Neural Network),"Age, home tidiness, education, social participation, drinking frequency, sleeping time at night, indoor temperature, residence, gender, availability of bathing facilities, availability of health insurance, availability of broadband facilities, availability of pensions, whether owe a debt, recently hospitalized, lunch break or not, whether living with a spouse, intergenerational financial support, smoking or not, whether working in agriculture, whether self-employed or privately owned, presence of chronic diseases, availability of piped water, amount spent in a year, availability of heating, availability of gas facilities, retirement",N/A,N/A,N/A,1,N/A,No,No
40205377,1,Development/internal validation,Depression Risk Nomogram,Multivariate Logistic Regression,"Self-rated health, Pain, Frailty, Nighttime sleep duration, Poor sleep quality, Life satisfaction, Visit frequency",0.852 (95% CI: 0.826–0.877),N/A,N/A,N/A,"Hosmer-Lemeshow test: χ² = 7.6573, df = 8, p = 0.4676; Calibration plot shows high consistency",Yes,No
36509405,1,Development/internal validation,GLMnet,Elastic-Net Logistic Regression,"Pre-index exacerbation count, age at index biologic use, sex, race/ethnicity, geographic region, insurance type, household income, allergist/pulmonologist visit, Charlson comorbidity count, chronic idiopathic urticaria, atopic dermatitis, GERD, rhinitis, sinusitis, COPD, depression, outpatient visits before stopping, biologic treatment length, season of stopping, reduction in exacerbations, tapering",0.72,N/A,N/A,N/A,N/A,No,No
36509405,2,Development/internal validation,Random Forest,Random Forest,"Pre-index exacerbation count, age at index biologic use, sex, race/ethnicity, geographic region, insurance type, household income, allergist/pulmonologist visit, Charlson comorbidity count, chronic idiopathic urticaria, atopic dermatitis, GERD, rhinitis, sinusitis, COPD, depression, outpatient visits before stopping, biologic treatment length, season of stopping, reduction in exacerbations, tapering",0.72,N/A,N/A,N/A,N/A,No,No
36509405,3,Development/internal validation,Gradient Boosting Machine,Gradient Boosting Machine,"Pre-index exacerbation count, age at index biologic use, sex, race/ethnicity, geographic region, insurance type, household income, allergist/pulmonologist visit, Charlson comorbidity count, chronic idiopathic urticaria, atopic dermatitis, GERD, rhinitis, sinusitis, COPD, depression, outpatient visits before stopping, biologic treatment length, season of stopping, reduction in exacerbations, tapering",0.74,N/A,N/A,N/A,N/A,No,No
34841728,1,External validation,Childhood Asthma Prediction in Early-life (CAPE),Support Vector Machine (Radial Basis Function kernel),"maternal age, birthweight, total breastfeeding duration, age of solid food introduction, BMI at 1 year, early life wheeze, early life cough, maternal socioeconomic status",MAAS 8 years: 0.71 (0.63–0.79); MAAS 11 years: 0.71 (0.62–0.79),N/A,Validation (MAAS 8 years): 0.67 (0.60–0.74); Validation (MAAS 11 years): 0.68 (0.60–0.74) (balanced accuracy),Validation (MAAS 8 years): 0.30 (0.26–0.35); Validation (MAAS 11 years): 0.28 (0.24–0.33),Brier Score: 0.21 (Testing),No,No
34841728,2,External validation,Childhood Asthma Prediction at Preschool-age (CAPP),Support Vector Machine (Linear kernel),"maternal age, birthweight, total breastfeeding duration, age of solid food introduction, BMI at 1 year, BMI at 4 years, preschool wheeze, preschool cough, preschool nocturnal symptoms, preschool atopy status, preschool polysensitisation, maternal socioeconomic status",MAAS 8 years: 0.83 (0.75–0.90); MAAS 11 years: 0.79 (0.68–0.88),N/A,Validation (MAAS 8 years): 0.73 (0.64–0.81); Validation (MAAS 11 years): 0.73 (0.63–0.82) (balanced accuracy),Validation (MAAS 8 years): 0.49 (0.36–0.62); Validation (MAAS 11 years): 0.47 (0.33–0.62),Brier Score: 0.18 (Testing),No,No
35177746,1,Development/internal validation,NGRS4,Logistic Regression,"TGF-β (≥1.011 pg/mL), ADMA (≥0.019 μmol/L), Diabetes, BUN (≥5.9 mmol/L), Elderly (≥60 years)",0.889 (95% CI: 0.851–0.925),0.889 (95% CI: 0.851–0.925),N/A,N/A,N/A,No,No
35177746,2,Development/internal validation,GRS14,Logistic Regression,"rs17319721, rs700233, rs671, rs11864909, rs653178, rs3752462, rs13146355, rs881858, rs1153849, rs3770636, rs504915, rs16853722, rs12917707, rs1731274",0.643 (95% CI: 0.578–0.709),0.643 (95% CI: 0.578–0.709),N/A,N/A,N/A,No,No
35177746,3,Development/internal validation,Comprehensive Model,Logistic Regression,"TGF-β (≥1.011 pg/mL), ADMA (≥0.019 μmol/L), Diabetes, BUN (≥5.9 mmol/L), Elderly (≥60 years), 14 SNPs (rs17319721, rs700233, rs671, rs11864909, rs653178, rs3752462, rs13146355, rs881858, rs1153849, rs3770636, rs504915, rs16853722, rs12917707, rs1731274)",0.894 (95% CI: 0.857–0.931),0.894 (95% CI: 0.857–0.931),N/A,N/A,N/A,No,No
36959840,1,Development/internal validation,Gradient Boosting,Gradient Boosting,"Age, bp, sg, al, su, bgr, bu, sc, sod, pot, hemo, pcv, wc, rc",N/A,N/A,99%,N/A,N/A,No,No
36959840,2,Development/internal validation,Gaussian Naïve Bayes,Gaussian Naïve Bayes,"Age, bp, sg, al, su, bgr, bu, sc, sod, pot, hemo, pcv, wc, rc",N/A,N/A,93%,N/A,N/A,No,No
36959840,3,Development/internal validation,N/A,Decision Tree,"Age, bp, sg, al, su, bgr, bu, sc, sod, pot, hemo, pcv, wc, rc",N/A,N/A,96%,N/A,N/A,No,No
36959840,4,Development/internal validation,Random Forest,Random Forest,"Age, bp, sg, al, su, bgr, bu, sc, sod, pot, hemo, pcv, wc, rc",N/A,N/A,98%,N/A,N/A,No,No
36959840,5,Development/internal validation,Hybrid Model,"Stacking Ensemble (GNB, GB, DT with RF meta-classifier)","Age, bp, sg, al, su, bgr, bu, sc, sod, pot, hemo, pcv, wc, rc",N/A,N/A,100%,N/A,N/A,No,No
38186582,1,Development/internal validation,Model 4,Cox proportional hazard regression,"Age, Sex (male), sSAD, Indoor exposure to biomass",N/A,"0.7670 (95% CI: 0.7335–0.8005), Corrected: 0.7635 (95% CI: 0.7188–0.8082)",N/A,N/A,Calibration plot shows good concordance; AIC: 3184.793,Yes,No
38186582,2,Development/internal validation,Model 5,Cox proportional hazard regression,"Age, Sex (male), Low MMEF, Low FEF50, Indoor exposure to biomass",N/A,"0.7704 (95% CI: 0.7371–0.8037), Corrected: 0.7660 (95% CI: 0.7210–0.8110)",N/A,N/A,Calibration plot shows good concordance; AIC: 3180.358,Yes,No
33664570,1,Development/internal validation,COPD Prediction Nomogram,Logistic Regression,"Age, sex, barbecue consumption, active smoking, passive smoking, type of energy, ventilation systems, post-bronchodilator FEV1",0.81 (95% CI: 0.79–0.83),0.81 (95% CI: 0.79–0.83),N/A,N/A,Calibration curve reported; solid line close to diagonal indicates good calibration,Yes,No
35672659,1,Development/internal validation,Proportional Division,RFE + GBDT,N/A,0.9,N/A,0.71,0.69,N/A,No,No
35672659,2,Development/internal validation,Upsampling,RFE + RF,N/A,0.78,N/A,0.7,0.68,N/A,No,No
35672659,3,Development/internal validation,Downsampling,RFE + GBDT,"TNT, UD, MB, ALB, TC, Cl, CK-MB, Cr, MONO%, FPG, DBil, AG, IBil, Age, Sex",0.91,N/A,0.83,0.83,"HIS integration, decision support, resource optimization",No,No
35672659,4,Development/internal validation,Easy Ensemble,RFE + GBDT,N/A,0.91,N/A,0.79,0.78,"HIS integration, decision support, resource optimization",No,No
35672659,5,Development/internal validation,W-easy Ensemble,RFE + GBDT,N/A,0.91,N/A,0.8,0.8,"HIS integration, decision support, resource optimization",No,No
34737789,1,Development/internal validation,MTIALM,Deep learning (Multitask-based attention learning framework),Processed palm image (ROI),Task M: 84.28%; Task P: 84.71%,N/A,Task M: 83.16% ± 2.11; Task P: 84.15% ± 3.07,Task M: 81.25% ± 1.57; Task P: 82.91% ± 2.28,N/A,No,No
34737789,2,Development/internal validation,ResNet-50,Deep learning (Convolutional Neural Network),Processed palm image (ROI),N/A,N/A,Task M: 79.02% ± 2.35; Task P: 79.64% ± 4.03,Task M: 80.36% ± 1.23; Task P: 82.33% ± 0.77,N/A,No,No
34737789,3,Development/internal validation,DenseNet121,Deep learning (Convolutional Neural Network),Processed palm image (ROI),N/A,N/A,Task M: 78.63% ± 0.36; Task P: 79.19% ± 2.31,Task M: 74.12% ± 0.49; Task P: 75.63% ± 0.92,N/A,No,No
34737789,4,Development/internal validation,VGG16,Deep learning (Convolutional Neural Network),Processed palm image (ROI),N/A,N/A,Task M: 66.56% ± 1.24; Task P: 71.01% ± 0.48,Task M: 65.94% ± 1.22; Task P: 68.71% ± 0.89,N/A,No,No
34737789,5,Development/internal validation,AlexNet,Deep learning (Convolutional Neural Network),Processed palm image (ROI),N/A,N/A,Task M: 63.01% ± 2.15; Task P: 65.29% ± 1.01,Task M: 60.33% ± 1.87; Task P: 63.59% ± 3.01,N/A,No,No
34737789,6,Development/internal validation,InceptionV3,Deep learning (Convolutional Neural Network),Processed palm image (ROI),N/A,N/A,Task M: 66.28% ± 2.27; Task P: 68.25% ± 1.77,Task M: 63.97% ± 4.11; Task P: 65.29% ± 3.18,N/A,No,No
34737789,7,Development/internal validation,MobileNet,Deep learning (Convolutional Neural Network),Processed palm image (ROI),N/A,N/A,Task M: 72.37% ± 4.13; Task P: 73.02% ± 2.19,Task M: 71.86% ± 2.92; Task P: 71.88% ± 1.45,N/A,No,No
35059311,1,Development/internal validation,Lung Cancer Risk Prediction Model,Cox proportional hazards regression,"Age (40–44, 45–49, 50–54, 55–59, 60–64, 65–69, 70–74 years), Gender (male, female), Education Level (low: primary school or below; medium: junior or senior high school; high: undergraduate or over), Family History of Lung Cancer (yes, no), History of Tuberculosis (yes, no), History of Hyperlipidemia (yes, no)","1-year: 0.668, 3-year: 0.678, 5-year: 0.685",N/A,N/A,N/A,Calibration curves satisfactory,Yes,No
29621362,1,External validation,Tyrer-Cuzick Model,Risk prediction model (statistical),"First- and second-degree family history of breast cancer, first-degree family history of ovarian cancer, age, weight, height, parity, menopausal status, age at menarche, benign breast disease, ovarian cancer, BMI",N/A,N/A,N/A,N/A,"Overall O/E: 1.02 (95% CI: 0.98–1.06); O/E by 10-year risk: <2%: 1.22, 2%–<3%: 1.01, 3%–<5%: 1.02, 5%–<8%: 0.87, ≥8%: 0.79; Age-adjusted slope: −0.003 (95% CI: −0.018 to 0.012)",No,No
29621362,2,External validation,Tyrer-Cuzick Model with Density,Risk prediction model (statistical),"First- and second-degree family history of breast cancer, first-degree family history of ovarian cancer, age, weight, height, parity, menopausal status, age at menarche, benign breast disease, ovarian cancer, BMI, BI-RADS breast density",N/A,N/A,N/A,N/A,"Overall O/E: 0.98 (95% CI: 0.94–1.02); O/E by 10-year risk: <2%: 1.17, 2%–<3%: 1.04, 3%–<5%: 0.99, 5%–<8%: 0.80, ≥8%: 0.78; Age-adjusted slope: −0.008 (95% CI: −0.020 to 0.004)",No,No
29574637,1,External validation,CBCRisk,N/A,"Age at first BC diagnosis, anti-estrogen therapy, family history of BC, high-risk pre-neoplasia status, breast density, ER status, type of first BC, age at first birth, current age",JH 3-year: 0.65; JH 5-year: 0.62; MDA 3-year: 0.61; MDA 5-year: 0.61,N/A,N/A,N/A,"JH 3-year E/O: 2.02 (95% CI: 1.41, 2.89); JH 5-year E/O: 1.56 (95% CI: 1.19, 2.04); MDA 3-year E/O: 0.61 (95% CI: 0.46, 0.82); MDA 5-year E/O: 0.52 (95% CI: 0.40, 0.67)",No,No
37511678,1,Development/internal validation,Model A,Logistic regression with LASSO,"wGRS202, age, sex, changes in bowel habits, abdominal pain",0.767 (95% CI: 0.748–0.786),"0.767 (95% CI: 0.748–0.786), Corrected: 0.765",N/A,N/A,HL p-value = 0.024; Brier = 0.183; calibration curve plotted,Yes,Yes
37511678,2,Development/internal validation,Model B,Logistic regression with LASSO,"age, sex, changes in bowel habits, abdominal pain",0.754 (95% CI: 0.735–0.774),"0.754 (95% CI: 0.735–0.774), Corrected: 0.753",N/A,N/A,HL p-value = 0.711; Brier = 0.188; calibration curve plotted,No,No
37511678,3,Development/internal validation,Model C,Logistic regression (full model),"wGRS202, age, sex, BMI, family history, changes in bowel habits, rectal bleeding, weight loss, anaemia, abdominal pain",0.767 (95% CI: 0.749–0.786),"0.767 (95% CI: 0.749–0.786), Corrected: 0.764",N/A,N/A,HL p-value = 0.018; Brier score = 0.183; calibration curve plotted,No,No
37511678,4,Development/internal validation,Model D,Logistic regression (full model),"age, sex, BMI, family history, changes in bowel habits, rectal bleeding, weight loss, anaemia, abdominal pain",0.755 (95% CI: 0.736–0.775),"0.755 (95% CI: 0.736–0.775), Corrected: 0.752",N/A,N/A,HL p-value = 0.428; Brier score = 0.187; calibration curve plotted,No,Yes
37511678,5,Development/internal validation,Model F,Random forest regression,"wGRS202, age, sex, BMI, family history, changes in bowel habits, rectal bleeding, weight loss, anaemia, abdominal pain (assumed)",N/A,N/A,N/A,N/A,N/A,No,Yes
37511678,6,Development/internal validation,Model G,Random forest regression,"age, sex, BMI, family history, changes in bowel habits, rectal bleeding, weight loss, anaemia, abdominal pain (assumed)",N/A,N/A,N/A,N/A,N/A,No,Yes
33390155,1,Development/internal validation,LiFeCRC Score,Cox proportional hazard with elastic net regularization,"Age, waist circumference, height, daily alcohol consumption, smoking, physical activity, vegetables, dairy products, processed meat, sugar and confectionary",N/A,0.714,N/A,N/A,Good calibration based on comparable intercepts in calibration plots for derivation and validation cohorts,Yes,Yes
33390155,2,Development/internal validation,LiFeCRC Score (Men),Cox proportional hazard with elastic net regularization,"Age, waist circumference, daily alcohol consumption, smoking, vegetables, dairy products, dark bread, red meat",N/A,0.708,N/A,N/A,Good calibration based on comparable intercepts in calibration plots for derivation and validation cohorts,No,Yes
33390155,3,Development/internal validation,LiFeCRC Score (Women),Cox proportional hazard with elastic net regularization,"Age, waist circumference, height, smoking, vegetables, processed meat",N/A,0.699,N/A,N/A,Good calibration based on comparable intercepts in calibration plots for derivation and validation cohorts,No,Yes
33390155,4,Development/internal validation,LiFeCRC Score (Colon),Cox proportional hazard with elastic net regularization,"Age, waist circumference, height, daily alcohol consumption, smoking, physical activity, vegetables, dairy products, dark bread",N/A,0.708,N/A,N/A,Good calibration based on comparable intercepts in calibration plots for derivation and validation cohorts,No,Yes
33390155,5,Development/internal validation,LiFeCRC Score (Rectal),Cox proportional hazard with elastic net regularization,"Age, waist circumference, height, daily alcohol consumption, smoking, vegetables, processed meat, soft drinks",N/A,0.728,N/A,N/A,Good calibration based on comparable intercepts in calibration plots for derivation and validation cohorts,No,Yes
36493335,1,External validation,N/A,Complex segregation analysis (implemented using MENDEL software v3.3),"BRCA2, HOXB13, BRCA1 pathogenic variants; 268-SNP polygenic score (PGS); polygenic component (PGC); hypothetical recessive high-risk allele; detailed cancer family history (FH); age; birth cohort; ascertainment adjustment",N/A,"Validation stage (UK Biobank): 0.790 (95% CI, 0.783–0.797) for 5-year risk; 0.772 (95% CI, 0.768–0.777) for 10-year risk",N/A,N/A,"Validation stage (UK Biobank): Calibration plots show recalibrated risks align with observed risks (Figs 4C, 4D); slight overestimation in highest-risk decile (observed/predicted 10-year risk ratio = 0.90; 95% CI, 0.87–0.93). No Hosmer-Lemeshow test or Brier Score reported.",No,No
35875103,1,Development/internal validation,tPSA LR,Univariate Logistic Regression,tPSA,0.846,N/A,77.10%,N/A,Hosmer–Lemeshow p > 0.05; Brier Score = 0.154,No,No
35875103,2,Development/internal validation,Multivariate LR,Multivariate Logistic Regression,"Age, tPSA, fPSA, PV, NLR, Neutrophil count, Lymphocyte count",0.918,N/A,87.60%,N/A,Hosmer–Lemeshow p > 0.05; Brier Score = 0.119,No,No
35875103,3,Development/internal validation,N/A,Decision Tree,"Age, tPSA, fPSA, PV, PSAD, NLR, f/tPSA, Biopsy results",0.886,N/A,78.80%,N/A,N/A,No,No
35875103,4,Development/internal validation,Random Forest,Random Forest,"Age, tPSA, fPSA, PV, PSAD, NLR, Neutrophil count",0.898,N/A,81.80%,N/A,N/A,No,No
35875103,5,Development/internal validation,Support Vector Machine,Support Vector Machine,"Age, tPSA, fPSA, PV, PSAD",0.895,N/A,86.10%,N/A,"Net benefit (DCA), significantly higher",No,No
33669642,1,Development/internal validation,Gastric Cancer Prediction Model (GCS),N/A,"Age, BMI, family history of cancer, meal regularity, salt preference, meal preference, weekly meat consumption frequency, alcohol consumption, smoking amount, physical activity",Total: 0.580 (95% CI: 0.549–0.612); H. pylori negative: 0.665 (95% CI: 0.563–0.767); H. pylori positive: 0.574 (95% CI: 0.537–0.611),N/A,N/A,N/A,N/A,No,No
33669642,2,Development/internal validation,Polygenic Risk Score (PRS),Weighted sum of risk alleles,"rs2294008, rs6656150, rs8280142782, rs760077, rs140081212, rs4460629",Total: 0.565 (95% CI: 0.535–0.596); H. pylori negative: 0.510 (95% CI: 0.411–0.609); H. pylori positive: 0.574 (95% CI: 0.539–0.610),N/A,N/A,N/A,N/A,No,No
33669642,3,Development/internal validation,PRS-GCS,Combined standardized scores,"Standardized GCS score, standardized PRS",Total: 0.607 (95% CI: 0.576–0.638); H. pylori negative: 0.605 (95% CI: 0.503–0.708); H. pylori positive: 0.605 (95% CI: 0.569–0.642),N/A,N/A,N/A,N/A,No,No
33223755,1,Development/internal validation,Questionnaire-based prediction model,Qualitative scoring system,"Smoking (≥20 cigarettes/day for ≥10 years), alcohol consumption (≥28 g ethanol/day for ≥10 years), eating salt-preserved food (≥1/week), eating very hot/hard food, family history of upper gastrointestinal cancer, chest pain/pressure/burning, dysphagia, chronic heartburn/indigestion, vomiting/hemoptysis, progressive weight loss, esophageal reflux, history of gastric disease (gastric ulcer, superficial gastritis, atrophic gastritis)",N/A,N/A,N/A,N/A,N/A,No,No
36568745,1,Development/internal validation,N/A,Fine-Gray competing risk regression,"Sex (Male/Female), Age (40–49, 50–59, ≥60 years), BMI (<25, 25–29.9, ≥30 kg/m²), Smoking Status (Never, Previous, Current), Drinking Status (Never, Previous, Current), Sleep Pattern (Poor, Intermediate, Healthy), Family History of Cancer (Yes/No), Diabetes (Yes/No), High Cholesterol (Yes/No), Cardiovascular Disease (Yes/No), Viral Hepatitis (Yes/No), Liver Disease (Yes/No)",0.771 (95% CI: 0.702–0.840),N/A,N/A,N/A,Calibration plot shows good agreement between observed and predicted 5-year risks,Yes,No
39350987,1,Development/internal validation,LR,Logistic Regression,"Age, WBC, RBC, PLT, AFP, PIVKA-II",0.827 (95% CI: 0.764–0.890),N/A,74.55%,0.79,Excellent calibration (calibration curve),No,No
39350987,2,Development/internal validation,SVM,Support Vector Machine,"Age, WBC, RBC, PLT, AFP, PIVKA-II",0.803 (95% CI: 0.735–0.871),N/A,72.73%,0.77,Excellent calibration (calibration curve),No,No
39350987,3,Development/internal validation,RF,Random Forest,"Age, WBC, RBC, PLT, AFP, PIVKA-II",0.858 (95% CI: 0.800–0.917),N/A,80.00%,0.72,Excellent calibration (calibration curve),No,No
39350987,4,Development/internal validation,LASSO,Least Absolute Shrinkage and Selection Operator,"Age, Sex, AFP, PIVKA-II",0.831 (95% CI: 0.769–0.893),N/A,72.73%,0.81,"Best predictive ability, closely matching predicted to actual values (calibration curve)",No,No
39350987,5,Development/internal validation,ASAP,Logistic Regression,"Age, Sex, AFP, PIVKA-II",0.813 (95% CI: 0.747–0.879),N/A,73.94%,0.7,Excellent calibration (calibration curve),No,No
36772237,1,Development/internal validation,Naive Bayes,Probabilistic Classifier,"Gender, Education, Current Smoker, BPMeds, Prevalent Stroke, Prevalent Hypertension, Diabetes, Age, Cigs/Day, Total Cholesterol, Systolic BP, Diastolic BP, BMI, Heart Rate, Glucose",0.941,N/A,90.60%,0.901,N/A,No,No
36772237,2,Development/internal validation,Logistic Regression,Probabilistic Classifier,"Gender, Education, Current Smoker, BPMeds, Prevalent Stroke, Prevalent Hypertension, Diabetes, Age, Cigs/Day, Total Cholesterol, Systolic BP, Diastolic BP, BMI, Heart Rate, Glucose",0.793,N/A,77.90%,0.735,N/A,No,No
36772237,3,Development/internal validation,Multilayer Perceptron,Artificial Neural Network,"Gender, Education, Current Smoker, BPMeds, Prevalent Stroke, Prevalent Hypertension, Diabetes, Age, Cigs/Day, Total Cholesterol, Systolic BP, Diastolic BP, BMI, Heart Rate, Glucose",0.833,N/A,79.80%,0.771,N/A,No,No
36772237,4,Development/internal validation,K-Nearest Neighbors,Distance-based Classifier,"Gender, Education, Current Smoker, BPMeds, Prevalent Stroke, Prevalent Hypertension, Diabetes, Age, Cigs/Day, Total Cholesterol, Systolic BP, Diastolic BP, BMI, Heart Rate, Glucose",0.854,N/A,79.60%,0.811,N/A,No,No
36772237,5,Development/internal validation,Random Forest,Ensemble (Decision Tree),"Gender, Education, Current Smoker, BPMeds, Prevalent Stroke, Prevalent Hypertension, Diabetes, Age, Cigs/Day, Total Cholesterol, Systolic BP, Diastolic BP, BMI, Heart Rate, Glucose",0.931,N/A,85.50%,0.857,N/A,No,No
36772237,6,Development/internal validation,Rotation Forest,Ensemble (Decision Tree),"Gender, Education, Current Smoker, BPMeds, Prevalent Stroke, Prevalent Hypertension, Diabetes, Age, Cigs/Day, Total Cholesterol, Systolic BP, Diastolic BP, BMI, Heart Rate, Glucose",0.925,N/A,84.50%,0.849,N/A,No,No
36772237,7,Development/internal validation,J48,Decision Tree,"Gender, Education, Current Smoker, BPMeds, Prevalent Stroke, Prevalent Hypertension, Diabetes, Age, Cigs/Day, Total Cholesterol, Systolic BP, Diastolic BP, BMI, Heart Rate, Glucose",0.857,N/A,78.70%,0.79,N/A,No,No
36772237,8,Development/internal validation,Stacking,Ensemble (Meta-Classifier),"Gender, Education, Current Smoker, BPMeds, Prevalent Stroke, Prevalent Hypertension, Diabetes, Age, Cigs/Day, Total Cholesterol, Systolic BP, Diastolic BP, BMI, Heart Rate, Glucose",0.961,N/A,90.90%,0.921,N/A,No,No
36772237,9,Development/internal validation,Bagging,Ensemble (Decision Tree),"Gender, Education, Current Smoker, BPMeds, Prevalent Stroke, Prevalent Hypertension, Diabetes, Age, Cigs/Day, Total Cholesterol, Systolic BP, Diastolic BP, BMI, Heart Rate, Glucose",0.926,N/A,84.30%,0.846,N/A,No,No
36772237,10,Development/internal validation,Voting,Ensemble (Combination),"Gender, Education, Current Smoker, BPMeds, Prevalent Stroke, Prevalent Hypertension, Diabetes, Age, Cigs/Day, Total Cholesterol, Systolic BP, Diastolic BP, BMI, Heart Rate, Glucose",0.958,N/A,90.80%,0.904,N/A,No,No
39553308,1,Development/internal validation,Gene Expression Signature Model,Lasso regression,"PTGER1, CXCL1, PIK3R1, CXCL3",0.98,N/A,N/A,N/A,N/A,No,No
39553308,2,Development/internal validation,Immune Scoring Model,Lasso regression,"CD4 naïve T cells, activated memory CD4 T cells, regulatory T cells (Tregs), gamma delta T cells, resting NK cells",0.92,N/A,N/A,N/A,N/A,No,No
39553308,3,Development/internal validation,Combined Immune Infiltration and Gene Expression Model,Lasso regression + Multivariate logistic regression,"PTGER1, CXCL1, PIK3R1, CXCL3, Immune score",0.98 (95% CI N/A),0.985 (95% CI: 0.975–1.000),N/A,N/A,Decision Curve Analysis (DCA): Net benefits for threshold probabilities between 1% and 100%,Yes,No
35983181,1,External validation,N/A,Logistic regression with LASSO,"Age, BMI, DBP, DM, ALT, AST, GGT","0.930 (95% CI: 0.920–0.940, external validation)","0.930 (95% CI: 0.920–0.940, external validation)",N/A,N/A,"Hosmer–Lemeshow test: χ² = 16.7528, P-value = 0.0527; calibration curve shows good fit (external validation)",Yes,No
33936038,1,Development/internal validation,N/A,Multivariate logistic regression with LASSO variable selection,"KRT10 expression level, hyperlipidemia, age",0.922 (95% CI: 0.866–0.978),N/A,N/A,N/A,Hosmer-Lemeshow test p-value = 0.666; calibration curve showed high agreement,No,Yes
36581881,1,Development/internal validation,LightGBM,Gradient Boosting Machine,"78 features from MIMIC-III, 63 features from HDRJH","0.93 (validation, HDRJH, 4-h preceding, CI N/A)",N/A,0.83,N/A,N/A,No,Yes
36581881,2,Development/internal validation,MLP,Multilayer Perceptron,"78 features from MIMIC-III, 63 features from HDRJH","0.93 (validation, HDRJH, 4-h preceding, CI N/A)",N/A,0.78,N/A,N/A,No,Yes
36581881,3,Development/internal validation,Ensemble,Ensemble (LightGBM + MLP),"78 features from MIMIC-III, 63 features from HDRJH","0.94 (validation, HDRJH, 1–5 h preceding, CI N/A); 0.86–0.90 (real-world, 1–5 h preceding, CI N/A)",N/A,0.82–0.86,N/A,N/A,No,Yes
36581881,4,Development/internal validation,XGBoost,Gradient Boosting,"78 features from MIMIC-III, 63 features from HDRJH",N/A,N/A,N/A,N/A,N/A,No,Yes
36581881,5,Development/internal validation,LSTM,Long Short-Term Memory (Deep Learning),"78 features from MIMIC-III, 63 features from HDRJH",N/A,N/A,N/A,N/A,N/A,No,Yes
36581881,6,Development/internal validation,SVM,Support Vector Machine,"78 features from MIMIC-III, 63 features from HDRJH",N/A,N/A,N/A,N/A,N/A,No,Yes
34255071,1,External validation,SPLC Risk Prediction Model,"Cause-specific Cox regression, Fine-Gray regression","IPLC histology, prior history of cancer, meeting the 2013 USPSTF eligibility criteria, smoking intensity (cigarettes per day), IPLC surgery, IPLC stage, interaction term (Stage of IPLC × USPSTF Criteria)","PLCO: 78.8% (95% CI: 74.6%–82.9%), NLST: 72.7% (95% CI: 67.7%–77.7%)",N/A,N/A,N/A,"Development: Brier score = 2.9 (95% CI: 2.4–3.3), good calibration across risk deciles; Validation: PLCO and NLST showed good calibration",Yes,No
33659912,1,Development/internal validation,MEWS,Early-warning score,Worst physiological variables in past 24 h,"0.63 (Case 1: 0.54, Case 2: 0.72)",N/A,N/A,N/A,N/A,No,No
33659912,2,Development/internal validation,NEWS,Early-warning score,Worst physiological variables in past 24 h,"0.62 (Case 1: 0.52, Case 2: 0.72)",N/A,N/A,N/A,N/A,No,No
33659912,3,Development/internal validation,SIRS,Early-warning score,"Heart rate, body temperature, respiratory rate, white blood cell count","0.62 (Case 1: 0.56, Case 2: 0.69)",N/A,N/A,N/A,N/A,No,No
33659912,4,Development/internal validation,qSOFA,Early-warning score,N/A,"0.59 (Case 1: 0.53, Case 2: 0.65)",N/A,N/A,N/A,N/A,No,No
33659912,5,Development/internal validation,Logistic Regression,Logistic regression,"Aggregated temporal features (count, mean, min, max, standard deviation of events)","0.84 (Case 1: 0.89, Case 2: 0.79)",N/A,N/A,N/A,N/A,No,No
33659912,6,Development/internal validation,Random Forest,Random forest,"Aggregated temporal features (count, mean, min, max, standard deviation of events)","0.85 (Case 1: 0.90, Case 2: 0.81)",N/A,N/A,N/A,N/A,No,No
33659912,7,Development/internal validation,Gradient-Boosting Trees,Gradient-boosting trees,"Aggregated temporal features (count, mean, min, max, standard deviation of events)","0.86 (Case 1: 0.91, Case 2: 0.81)",N/A,N/A,N/A,N/A,No,No
33659912,8,Development/internal validation,GRU,Deep learning (RNN),Embedded feature vectors from EHR data,"0.84 (Case 1: 0.88, Case 2: 0.80)",N/A,N/A,N/A,N/A,No,No
33659912,9,Development/internal validation,LSTM,Deep learning (RNN),Embedded feature vectors from EHR data,"0.85 (Case 1: 0.89, Case 2: 0.80)",N/A,N/A,N/A,N/A,No,No
33659912,10,Development/internal validation,RETAIN,Deep learning (RNN),Embedded feature vectors from EHR data,"0.85 (Case 1: 0.90, Case 2: 0.80)",N/A,N/A,N/A,N/A,No,No
33659912,11,Development/internal validation,Dipole,Deep learning (RNN),Embedded feature vectors from EHR data,"0.86 (Case 1: 0.90, Case 2: 0.81)",N/A,N/A,N/A,N/A,No,No
33659912,12,Development/internal validation,Proposed Model,Deep learning (LSTM),"Event embeddings, time encodings, clinical features from EHR data","0.892 (Case 1: 0.940, Case 2: 0.845)",N/A,N/A,N/A,N/A,No,No
39076472,1,Development/internal validation,Jaccard Index (JI),"Logistic Regression, Support Vector Classifier, Random Forest, Extreme Gradient Boosting","comorbidity indicators (binary or proportion-based), associated ORs, alpha indices, patient demographics (age and sex), similarity-based metrics (JI, PJI, OPJI, APJI)","0.586–0.695 (Q1: 0.625, Q2: 0.644, Q3: 0.663)",N/A,0.614–0.625,0.613–0.623,N/A,No,No
39076472,2,Development/internal validation,Proportional Jaccard Index (PJI),"Logistic Regression, Support Vector Classifier, Random Forest, Extreme Gradient Boosting","comorbidity indicators (binary or proportion-based), associated ORs, alpha indices, patient demographics (age and sex), similarity-based metrics (JI, PJI, OPJI, APJI)","0.706–0.873 (Q1: 0.759, Q2: 0.7815, Q3: 0.808)",N/A,0.674–0.773,0.674–0.772,N/A,No,No
39076472,3,Development/internal validation,Odds Ratio Proportional Jaccard Index (OPJI),"Logistic Regression, Support Vector Classifier, Random Forest, Extreme Gradient Boosting","comorbidity indicators (binary or proportion-based), associated ORs, alpha indices, patient demographics (age and sex), similarity-based metrics (JI, PJI, OPJI, APJI)","0.729–0.875 (Q1: 0.786, Q2: 0.813, Q3: 0.83525)",N/A,0.729–0.775,0.728–0.775,N/A,No,No
39076472,4,Development/internal validation,Alpha Proportional Jaccard Index (APJI),"Logistic Regression, Support Vector Classifier, Random Forest, Extreme Gradient Boosting","comorbidity indicators (binary or proportion-based), associated ORs, alpha indices, patient demographics (age and sex), similarity-based metrics (JI, PJI, OPJI, APJI)","0.708–0.878 (Q1: 0.76, Q2: 0.781, Q3: 0.81225)",N/A,0.674–0.774,0.674–0.773,N/A,No,No
39611013,1,Development/internal validation,Model 1,Multivariate COX regression,"History of hypertension, history of CI, SBP, RBC, RDW-CV",N/A,0.719 (95% CI: 0.677–0.761),N/A,N/A,N/A,No,No
39611013,2,Development/internal validation,Model 2,LASSO regression + Random Forest + Multivariate COX regression,"History of hypertension, history of CI, cerebral artery stenosis, carotid atherosclerosis (CAS), SBP, RDW-CV, MPV, UA",N/A,0.777 (95% CI: 0.732–0.821),N/A,N/A,N/A,Yes,No
34860663,1,Development/internal validation,Naïve Bayes,Naïve Bayes,"Age, Gender, Albumin (urine), Creatinine (urine), White blood cell count, Lymphocytes, Monocytes, Segmented neutrophils, Eosinophils, Basophils, Red blood cell count, Hemoglobin, Hematocrit, Mean cell volume, Mean cell hemoglobin, Mean corpuscular hemoglobin concentration, Red cell distribution width, Platelet count, Mean platelet volume, Cotinine (serum), Red blood cell folate",0.74,N/A,0.82,N/A,N/A,No,No
34860663,2,Development/internal validation,BayesNet,Bayesian Network,"Age, Gender, Albumin (urine), Creatinine (urine), White blood cell count, Lymphocytes, Monocytes, Segmented neutrophils, Eosinophils, Basophils, Red blood cell count, Hemoglobin, Hematocrit, Mean cell volume, Mean cell hemoglobin, Mean corpuscular hemoglobin concentration, Red cell distribution width, Platelet count, Mean platelet volume, Cotinine (serum), Red blood cell folate",0.85,N/A,0.87,N/A,N/A,No,No
34860663,3,Development/internal validation,J48,Decision Tree (C4.5),"Age, Gender, Albumin (urine), Creatinine (urine), White blood cell count, Lymphocytes, Monocytes, Segmented neutrophils, Eosinophils, Basophils, Red blood cell count, Hemoglobin, Hematocrit, Mean cell volume, Mean cell hemoglobin, Mean corpuscular hemoglobin concentration, Red cell distribution width, Platelet count, Mean platelet volume, Cotinine (serum), Red blood cell folate",0.86,N/A,0.93,N/A,N/A,No,No
34860663,4,Development/internal validation,Random Forest,Random Forest,"Age, Gender, Albumin (urine), Creatinine (urine), White blood cell count, Lymphocytes, Monocytes, Segmented neutrophils, Eosinophils, Basophils, Red blood cell count, Hemoglobin, Hematocrit, Mean cell volume, Mean cell hemoglobin, Mean corpuscular hemoglobin concentration, Red cell distribution width, Platelet count, Mean platelet volume, Cotinine (serum), Red blood cell folate",0.97,N/A,0.96,N/A,N/A,No,No
37970129,1,Development/internal validation,Nomogram Model,Logistic regression-based nomogram,"Preconception BMI, family history of diabetes, GDM history, macrosomia, hypertension, Hb level, triglyceride level, serum ferritin, fasting blood glucose in first trimester",0.850 (95% CI: 0.782–0.918),N/A,N/A,N/A,N/A,Yes,No
37970129,2,Development/internal validation,Random Forest Model,Random forest,"Preconception BMI, family history of diabetes, GDM history, macrosomia, hypertension, Hb level, triglyceride level, serum ferritin, fasting blood glucose in first trimester",0.918 (95% CI: 0.868–0.967),N/A,N/A,N/A,N/A,No,No
36456970,1,Development/internal validation,Basic Model,Logistic regression,"Age, family history of diabetes, history of GDM, pre-pregnancy BMI, WBC, PLT, MPV, creatinine, uric acid, FBG",0.736 (95% CI: 0.70–0.77) (Validation),N/A,N/A,N/A,Hosmer-Lemeshow test p-value = 0.684 (Validation); Calibration curve shows predicted probability aligns with actual probability,Yes,No
36456970,2,Development/internal validation,Extended Model,Logistic regression,"Age, history of GDM, pre-pregnancy BMI, HCT, MPV, creatinine, uric acid, FBG, ALT, APTT, FIB, PAPP-A",0.763 (95% CI: 0.73–0.80) (Validation),N/A,N/A,N/A,Hosmer-Lemeshow test p-value = 0.635 (Validation); Calibration curve shows predicted probability aligns with actual probability,Yes,No
34233656,1,Development/internal validation,AD Risk Prediction Model,Logistic regression,"Sex, age, economic status, health status, lifestyle, genetic risk",0.801,N/A,N/A,N/A,Hosmer-Lemeshow test p = 0.994 (validation set); calibration curve shows good fit with validation set,Yes,No
32324812,1,Development/internal validation,BSWiMS Top100,Logistic regression (Bootstrapping Stage-Wise Model Selection),32 SNPs,0.68,N/A,0.686,N/A,N/A,No,No
32324812,2,Development/internal validation,BSWiMS T1k,Logistic regression (Bootstrapping Stage-Wise Model Selection),55 SNPs,0.69,N/A,0.699,N/A,N/A,No,No
32324812,3,Development/internal validation,GALGO Top100,Genetic Algorithm + Support Vector Machine + Forward Selection,49 SNPs,0.708,N/A,0.72,N/A,N/A,No,No
32324812,4,Development/internal validation,GALGO T1k,Genetic Algorithm + Support Vector Machine + Forward Selection,42 SNPs,0.716,N/A,0.726,N/A,N/A,No,No
32324812,5,Development/internal validation,LASSO Top100,LASSO (L1-regularized logistic regression),71 SNPs,0.744,N/A,0.766,N/A,N/A,No,No
32324812,6,Development/internal validation,LASSO T1k,LASSO (L1-regularized logistic regression),433 SNPs,0.801,N/A,0.801,N/A,N/A,No,No
32324812,7,Development/internal validation,LASSO Missed (Test),LASSO (L1-regularized logistic regression),49 SNPs,0.905,N/A,0.929,N/A,N/A,No,No
32324812,8,Development/internal validation,LASSO SNPs Mix,LASSO (L1-regularized logistic regression),493 SNPs,0.801,N/A,0.797,N/A,N/A,No,No
32324812,9,Development/internal validation,LASSO Models Mix,LASSO (L1-regularized logistic regression),358 SNPs,0.842,N/A,0.844,N/A,N/A,No,No
35365675,1,Development/internal validation,Genetics,MLPClassifier,"51 SNPs, polygenic risk score (PRS)",70.66%,N/A,70.00%,N/A,N/A,No,Yes
35365675,2,Development/internal validation,Clinico-demographic,LogisticRegression,"Age, family history, UPSIT score, sex",87.52%,N/A,79.44%,N/A,N/A,No,Yes
35365675,3,Development/internal validation,Transcriptomics,SVC,418 protein-coding transcripts,79.73%,N/A,73.89%,N/A,N/A,No,Yes
35365675,4,Development/internal validation,Combined,AdaBoostClassifier,"51 SNPs, 418 protein-coding transcripts, age, family history, UPSIT score, PRS",85.03%,N/A,75.00%,N/A,N/A,No,Yes
35365675,5,Development/internal validation,UPSIT-only,N/A,UPSIT score,90.10%,N/A,N/A,N/A,N/A,No,Yes
34745218,1,Development/internal validation,PRS,Logistic Regression,SNPs,0.56 [95% CI: 0.42–0.81],N/A,0.6,N/A,N/A,No,No
34745218,2,Development/internal validation,Deep Learning,Deep Learning,SNPs,0.67 [95% CI: 0.47–0.83],N/A,0.6,N/A,N/A,No,No
34745218,3,Development/internal validation,LASSO w/ Feature Selection,LASSO Regression,SNPs,0.85 [95% CI: 0.72–0.96],N/A,0.81,N/A,N/A,No,No
34745218,4,Development/internal validation,LASSO w/o Feature Selection,LASSO Regression,SNPs,0.51 [95% CI: 0.39–0.63],N/A,0.62,N/A,N/A,No,No
34528757,1,External validation,HFpEF Risk Prediction Model,Cox regression,"Age, diabetes, BMI, COPD, previous MI, antihypertensive treatment, SBP, smoking status, atrial fibrillation, eGFR",N/A,Validation: White men: 0.739 (SE: 0.002); Black men: 0.764 (SE: 0.005); White women: 0.793 (SE: 0.015); Black women: 0.772 (SE: 0.026),N/A,N/A,Validation: Calibration plots show mean predicted 10-year risk vs. observed 10-year risk (Kaplan–Meier) for each race-sex stratum; generally well-calibrated,Yes,No
34528757,2,External validation,HFrEF Risk Prediction Model,Cox regression,"Age, diabetes, BMI, COPD, previous MI, previous CAD, antihypertensive treatment, SBP, smoking status, atrial fibrillation, eGFR",N/A,Validation: White men: 0.724 (SE: 0.002); Black men: 0.719 (SE: 0.004); White women: 0.769 (SE: 0.017); Black women: 0.745 (SE: 0.028),N/A,N/A,Validation: Calibration plots show mean predicted 10-year risk vs. observed 10-year risk (Kaplan–Meier) for each race-sex stratum; generally well-calibrated,Yes,No
35141294,1,Development/internal validation,N/A,Logistic regression,"Full-time work, self-financed medical care, non-marital status, poor knowledge of hypertension diagnosis, poor drug compliance, poor knowledge of hypertension treatment, unwillingness to remind blood pressure measurement information",0.771,0.771,N/A,N/A,"Hosmer-Lemeshow test: χ² = 6.5649, P = 0.5842 (Development set)",Yes,No
35896590,1,Development/internal validation,N/A,Cox proportional hazards model,"Age, sex, BMI, systolic blood pressure (SBP), diabetes, cardiovascular disease (CVD), total physical activity time",N/A,0.77,N/A,N/A,"Grønnesby and Borgan (GB) test: statistic 8.75, p=0.07; Brier score at 4, 5, 6, 7 years: 0.018, 0.021, 0.026, 0.029; calibration slope: 1.006 (validation set)",Yes,No
35896590,2,Development/internal validation,Framingham Risk Score (Parikh et al.),Cox proportional hazards model,"Age, sex, SBP, diastolic blood pressure (DBP), BMI, parental hypertension, cigarette smoking, age by DBP",0.729,0.729,N/A,N/A,N/A,No,No
35896590,3,Development/internal validation,Whitehall II Risk Score (Kivimäki et al.),Cox proportional hazards model,"Age, sex, SBP, DBP, BMI, parental hypertension, cigarette smoking",0.581,0.581,N/A,N/A,N/A,No,No
35896590,4,Development/internal validation,N/A,Cox proportional hazards model,"Age, sex, SBP, DBP, BMI, parental hypertension, cigarette smoking",0.737,0.737,N/A,N/A,N/A,No,No
35896590,5,Development/internal validation,N/A,Cox proportional hazards model,"Age, gender, BMI, SBP, DBP",0.732,0.732,N/A,N/A,N/A,No,No
35896590,6,Development/internal validation,N/A,Cox proportional hazards model,"Age, parental hypertension, SBP, DBP, BMI, age by BMI",0.735,0.735,N/A,N/A,N/A,No,No
41987941,1,Development/internal validation,DLI / DeepLungIPN,Computer vision-based / deep learning model,"CT imaging, clinical variables",Overall AUC: 0.723; cohort-wise AUCs: BRONCH 0.609; MCL_VUMC 0.827; MCL_UPMC 0.983; MCL_DECAMP 0.738; MCL_UCD 0.938; VLSP 0.510; LI-VUMC 0.824; NLST_test_nodule 0.545; NLST_test 0.534; CI N/A.,N/A,N/A,N/A,N/A,No,N/A
41987941,2,Development/internal validation,DLS / DeepLungScreening,Computer vision-based / deep learning model,"CT imaging, clinical variables",Overall AUC: 0.718; cohort-wise AUCs: BRONCH 0.643; MCL_VUMC 0.765; MCL_UPMC 0.880; MCL_DECAMP 0.753; MCL_UCD 0.805; VLSP 0.811; LI-VUMC 0.545; NLST_test_nodule 0.627; NLST_test 0.634; CI N/A.,N/A,N/A,N/A,N/A,No,N/A
41987941,3,Development/internal validation,Sybil,Computer vision-based / deep learning model,CT imaging without manual nodule annotations,Overall AUC: 0.785; cohort-wise AUCs: BRONCH 0.657; MCL_VUMC 0.829; MCL_UPMC 0.923; MCL_DECAMP 0.654; MCL_UCD 0.801; VLSP 0.783; LI-VUMC 0.725; NLST_test_nodule 0.853; NLST_test 0.838; exact CI N/A.,N/A,N/A,N/A,N/A,No,N/A
41987941,4,Development/internal validation,Per-Cohort Best Model,Cohort-specific model selection strategy,"CT imaging, structured metadata, clinical variables, nodule-level features, longitudinal CT when required",Overall AUC: 0.832; cohort-wise AUCs: BRONCH 0.657; MCL_VUMC 0.829; MCL_UPMC 0.983; MCL_DECAMP 0.753; MCL_UCD 0.938; VLSP 0.811; LI-VUMC 0.824; NLST_test_nodule 0.853; NLST_test 0.838; exact CI N/A.,N/A,N/A,N/A,N/A,No,N/A
41987941,5,Development/internal validation,Retrieval Model / Cohort-Aware Agent / Retrieval-augmented model selection framework,Retrieval-augmented model selection using FAISS similarity search plus LLM-based reasoning,"Age, gender, BMI, smoking status, imaging features.","Overall AUC: 0.843; cohort-wise AUCs: BRONCH 0.660; MCL_VUMC 0.804; MCL_UPMC 1.000; MCL_DECAMP 0.761; MCL_UCD 0.892; VLSP 0.810; LI-VUMC 0.842; NLST_test_nodule 0.982; NLST_test 0.840; mean delta AUC versus Per-Cohort Best Model 0.0117 with 95% bootstrap CI [-0.0136, 0.0457]; exact overall AUC CI N/A.",N/A,Cohort retrieval top-1 accuracy: 0.667 for Metadata + Pooled Feature + Cosine; prediction-model classification accuracy N/A.,N/A,N/A,No,N/A
41957866,1,External validation,BWHS model / BWHS calculator,Absolute breast cancer risk prediction model; specific statistical algorithm N/A in article text,"First-degree family history of breast cancer and prostate cancer; breast biopsy; age at menarche; ever parous; breastfeeding; body mass index current and at age 18; menopausal status; bilateral oophorectomy; age interactions with family history of breast cancer, breast biopsy, and age at menarche; interaction between menopausal status and current BMI",Overall age-adjusted AUC 0.58 (95% CI 0.56-0.59). Age-specific AUCs: 30-39: 0.64; 40-44: 0.58; 45-49: 0.56; 50-54: 0.58; 55-59: 0.57; 60-64: 0.57; 65-70: 0.59.,N/A,N/A,N/A,Overall expected/observed ratio 0.99 (95% CI 0.95-1.04) in Table 1; abstract reports 0.99 (95% CI 0.94-1.04).,No,N/A
41957866,2,External validation,BCRAT model / NCI Breast Cancer Risk Assessment Tool / Gail model / BCRAT CARE model for Black women,Absolute breast cancer risk prediction model; underlying algorithm not explicitly reported in provided text,Number of breast biopsies; atypical hyperplasia; age at menarche; number of first-degree relatives with breast cancer; interaction between age and number of breast biopsies.,"Overall age-adjusted AUC 0.56 (95% CI 0.55-0.57). Age-specific AUCs: 30-39: 0.62; 40-44: 0.56; 45-49: 0.54; 50-54: 0.58; 55-59: 0.56; 60-64: 0.54; 65-70: 0.56. Difference from BWHS model AUC: delta=0.014, p=0.013.",N/A,N/A,N/A,Overall expected/observed ratio 0.97 (95% CI 0.93-1.02).,No,N/A
41957866,3,External validation,IBIS model / Tyrer-Cuzick model / TC 8,Absolute breast cancer risk prediction model; underlying statistical algorithm not explicitly stated,Full IBIS model includes age at menarche; number of live births; age at first birth; menopausal status; age at menopause; height; weight; history of hyperplasia/usual and/or atypical; history of ovarian cancer and age at diagnosis; Ashkenazi Jewish heritage; hormone replacement therapy use; BRCA1/2 test results; extensive family history of breast and ovarian cancer; breast density; polygenic SNP score.,"Overall age-adjusted AUC 0.56 (95% CI 0.55-0.57). Age-specific AUCs: 30-39: 0.62; 40-44: 0.56; 45-49: 0.54; 50-54: 0.56; 55-59: 0.56; 60-64: 0.55; 65-70: 0.55. Difference from BWHS model AUC: delta=0.015, p=0.028.",N/A,N/A,N/A,Overall expected/observed ratio 1.13 (95% CI 1.08-1.18).,No,N/A
41299673,1,Development/internal validation,Logistic regression Model I / unadjusted model,Logistic regression,log-ALI,N/A; ROC analysis compared Model 1 and Model 3 but exact Model I AUC was not explicitly reported.,N/A,N/A,N/A,N/A,No,N/A
41299673,2,Development/internal validation,Logistic regression Model II / demographic-adjusted model,Logistic regression,"log-ALI, age, race, gender, poverty level, education, marital status",N/A,N/A,N/A,N/A,N/A,No,N/A
41299673,3,Development/internal validation,Logistic regression Model III / fully adjusted model,Logistic regression,"log-ALI, age, race, gender, poverty level, education, marital status, BMI, smoking status, alcohol consumption, hypertension, diabetes, CVD",AUC 0.848 (95% CI 0.828-0.867); DeLong test p<0.001 compared with unadjusted version.,N/A,N/A,N/A,"ROC curve used for discrimination; no calibration curve, Hosmer-Lemeshow test, Brier score, O/E ratio, calibration slope, or calibration intercept reported.",No,N/A
41299673,4,Development/internal validation,Logistic Regression baseline control in ML framework,Logistic regression,"log-ALI, neutrophil, lymphocyte, age, marital status, alcohol consumption, BMI, albumin, poverty level, smoking status, sex, education level, diabetes, hypertension, CVD, race",Training set AUC 0.848; test set AUC 0.824.,N/A,N/A,N/A,N/A,No,N/A
41299673,5,Development/internal validation,XGBoost,Extreme gradient boosting,"log-ALI, neutrophil, lymphocyte, age, marital status, alcohol consumption, BMI, albumin, poverty level, smoking status, sex, education level, diabetes, hypertension, CVD, race",N/A; evaluated in ML framework but exact AUC not explicitly provided in main text.,N/A,N/A,N/A,N/A,No,N/A
41299673,6,Development/internal validation,Decision Tree / DT,Decision tree,"log-ALI, neutrophil, lymphocyte, age, marital status, alcohol consumption, BMI, albumin, poverty level, smoking status, sex, education level, diabetes, hypertension, CVD, race",N/A; evaluated in ML framework but exact AUC not explicitly provided in main text.,N/A,N/A,N/A,N/A,No,N/A
41299673,7,Development/internal validation,Multilayer Perceptron / MLP,Multilayer perceptron,"log-ALI, neutrophil, lymphocyte, age, marital status, alcohol consumption, BMI, albumin, poverty level, smoking status, sex, education level, diabetes, hypertension, CVD, race",N/A; evaluated in ML framework but exact AUC not explicitly provided in main text.,N/A,N/A,N/A,N/A,No,N/A
41299673,8,Development/internal validation,Neural Networks / NNET,Neural network,"log-ALI, neutrophil, lymphocyte, age, marital status, alcohol consumption, BMI, albumin, poverty level, smoking status, sex, education level, diabetes, hypertension, CVD, race",N/A; evaluated in ML framework but exact AUC not explicitly provided in main text.,N/A,N/A,N/A,N/A,No,N/A
41299673,9,Development/internal validation,K-nearest neighbors / KNN,K-nearest neighbors,"log-ALI, neutrophil, lymphocyte, age, marital status, alcohol consumption, BMI, albumin, poverty level, smoking status, sex, education level, diabetes, hypertension, CVD, race",N/A; evaluated in ML framework but exact AUC not explicitly provided in main text.,N/A,N/A,N/A,N/A,No,N/A
41299673,10,Development/internal validation,LightGBM,Light gradient boosting machine,"log-ALI, neutrophil, lymphocyte, age, marital status, alcohol consumption, BMI, albumin, poverty level, smoking status, sex, education level, diabetes, hypertension, CVD, race",Training set AUC 0.870; test set AUC 0.832; abstract reports LightGBM AUC 0.870.,N/A,N/A,0.817,N/A; other reported metrics include precision 0.999 and specificity 0.860; sensitivity and NPV evaluated but exact values N/A.,No,N/A
41299673,11,Development/internal validation,Support Vector Machine / SVM,Support vector machine,"log-ALI, neutrophil, lymphocyte, age, marital status, alcohol consumption, BMI, albumin, poverty level, smoking status, sex, education level, diabetes, hypertension, CVD, race",N/A; evaluated in ML framework but exact AUC not explicitly provided in main text.,N/A,N/A,N/A,N/A,No,N/A
41883289,1,Development/internal validation,N/A,Cox proportional hazards regression,"T2DM, age, genotype array, genetic PC 1 to 10, IGF-1, plus PrCa PRS in PRS-additive model.",N/A,Reference C-index 0.709 (0.704-0.715); PRS-additive C-index 0.758 (0.753-0.764); difference 0.049 (0.049-0.049).,N/A,N/A,"Calibration N/A; continuous NRI 0.449 (0.423-0.474), p<0.001.",No,N/A
41883289,2,Development/internal validation,N/A,Cox proportional hazards regression,"T2DM, age, genotype array, genetic PC 1 to 10, IGF-1, education years, household income, Townsend deprivation index, number in household, plus PrCa PRS in PRS-additive model.",N/A,Reference C-index 0.713 (0.707-0.719); PRS-additive C-index 0.761 (0.755-0.766); difference 0.048 (0.048-0.047).,N/A,N/A,"Calibration N/A; continuous NRI 0.448 (0.421-0.475), p<0.001.",No,N/A
41883289,3,Development/internal validation,N/A,Cox proportional hazards regression,"T2DM, age, genotype array, genetic PC 1 to 10, IGF-1, education years, household income, Townsend deprivation index, number in household, BMI, height, weight, waist circumference, systolic blood pressure, diastolic blood pressure, total cholesterol, HDL cholesterol, LDL cholesterol, triglycerides, creatinine, eGFR, fasting blood glucose, HbA1c, plus PrCa PRS in PRS-additive model.",N/A,Reference C-index 0.715 (0.709-0.721); PRS-additive C-index 0.762 (0.756-0.768); difference 0.047 (0.047-0.047).,N/A,N/A,"Calibration N/A; continuous NRI 0.445 (0.417-0.473), p<0.001.",No,N/A
41883289,4,Development/internal validation,N/A,Cox proportional hazards regression,"T2DM, age, genotype array, genetic PC 1 to 10, IGF-1, education years, household income, Townsend deprivation index, number in household, BMI, height, weight, waist circumference, systolic blood pressure, diastolic blood pressure, total cholesterol, HDL cholesterol, LDL cholesterol, triglycerides, creatinine, eGFR, fasting blood glucose, HbA1c, hypercholesterolaemia, hypertension, heart failure, chronic kidney disease, any stroke, diabetic hypoglycemia, coronary artery disease, plus PrCa PRS in PRS-additive model.",N/A,Reference C-index 0.716 (0.709-0.722); PRS-additive C-index 0.763 (0.757-0.768); difference 0.047 (0.048-0.046).,N/A,N/A,"Calibration N/A; continuous NRI 0.444 (0.416-0.471), p<0.001.",No,N/A
42015082,1,Development/internal validation,Light Gradient Boosting Machine model / LGBM model,Light Gradient Boosting Machine,N/A,Internal validation/test set AUC 0.87 (95% CI 0.82-0.89).,N/A,N/A,N/A,N/A; specific calibration results not explicitly reported.,No,N/A
42015082,2,External validation,Externally validated LGBM model,Light Gradient Boosting Machine,N/A,External validation AUC 0.84 (95% CI 0.82-0.87).,N/A,N/A,N/A,N/A,No,N/A
41861086,1,Development/internal validation,Logistic regression / LR,Logistic regression,"Age, education, family income, family size, occupation, ever smoke cigarette, eat fruit, eat meat, eat sweet, vigorous activity, height, weight, BMI",0.73,N/A,70%,70%,N/A,No,N/A
41861086,2,Development/internal validation,Decision tree / DT,Decision tree,"Age, education, family income, family size, occupation, ever smoke cigarette, eat fruit, eat meat, eat sweet, vigorous activity, height, weight, BMI",0.72,N/A,68%,68%,N/A,No,N/A
41861086,3,Development/internal validation,Random forest / RF,Random forest,"Age, education, family income, family size, occupation, ever smoke cigarette, eat fruit, eat meat, eat sweet, vigorous activity, height, weight, BMI",0.8,N/A,72%,71%,N/A,No,N/A
41861086,4,Development/internal validation,Extreme gradient boosting / XGBoost,XGBoost,"Age, education, family income, family size, occupation, ever smoke cigarette, eat fruit, eat meat, eat sweet, vigorous activity, height, weight, BMI",0.78,N/A,71%,70%,N/A,No,N/A
41861086,5,Development/internal validation,Light gradient boosting machine / LightGBM,LightGBM,"Age, education, family income, family size, occupation, ever smoke cigarette, eat fruit, eat meat, eat sweet, vigorous activity, height, weight, BMI",0.73,N/A,70%,70%,N/A,No,N/A
42037684,1,Development/internal validation,LR,Logistic regression,N/A,0.8,N/A,0.8,N/A,N/A,No,N/A
42037684,2,Development/internal validation,MLP,Multilayer perceptron,N/A,0.79,N/A,0.788,N/A,N/A,No,N/A
42037684,3,Development/internal validation,GNB,Gaussian Naive Bayes,N/A,0.79,N/A,0.781,N/A,N/A,No,N/A
42037684,4,Development/internal validation,SVC,Support Vector Classifier,N/A,0.78,N/A,0.769,N/A,N/A,No,N/A
42037684,5,Development/internal validation,Linear SVC,Linear Support Vector Classifier,N/A,0.78,N/A,0.789,N/A,N/A,No,N/A
42037684,6,Development/internal validation,DT,Decision Tree,N/A,0.95,N/A,0.946,N/A,N/A,No,N/A
42037684,7,Development/internal validation,RF before optimization,Random Forest,N/A,0.97,N/A,0.967; false positive 0.045; false negative 0.020; sensitivity 0.981; specificity 0.953; G-Mean 0.967,N/A,N/A,No,N/A
42037684,8,Development/internal validation,RF after optimization / proposed RF algorithm-based model,Random Forest optimized using Rao-1 algorithm,N/A,N/A,N/A,0.972; false positive 0.042; false negative 0.013; sensitivity 0.988; specificity 0.956; G-Mean 0.972,N/A,N/A,No,N/A
42039745,1,External validation,Random forest model / RF model,Random forest,"Invasive catheters, prior antibiotic exposure, COPD, intra-abdominal infection, RDW-SD, calcium",Training AUC 1.000; internal validation/test AUC 0.837; external validation AUC 0.816; sensitivity analyses: internal test AUC 0.837 (95% CI 0.760-0.914) using MICE and complete-case AUC 0.806 (95% CI 0.704-0.908); external validation AUC 0.816 (95% CI 0.746-0.891) using MICE and complete-case AUC 0.804 (95% CI 0.738-0.871).,N/A,Training accuracy 1.000; internal validation/test accuracy 0.930; external validation accuracy N/A.,Training F1 score 1.000; internal validation/test F1 score 0.286; external validation F1 score N/A.,"Training Brier score 0.019; internal validation/test Brier score 0.057; external validation calibration plot appropriate with Hosmer-Lemeshow P=0.896; calibration curves reported for training, internal validation, and external validation.",Yes,N/A
42039745,2,Development/internal validation,Logistic Regression,Logistic regression,N/A,Training AUC 0.830; internal validation/test AUC 0.796.,N/A,Training accuracy 0.682; internal validation/test accuracy 0.699.,Training F1 score 0.271; internal validation/test F1 score 0.262.,Training Brier score 0.055; internal validation/test Brier score 0.062; calibration curves reported.,N/A,N/A
42039745,3,Development/internal validation,Decision Tree,Decision tree,N/A,Training AUC 0.769; internal validation/test AUC 0.725.,N/A,Training accuracy 0.937; internal validation/test accuracy 0.930.,Training F1 score 0.316; internal validation/test F1 score 0.138.,Training Brier score 0.055; internal validation/test Brier score 0.060; calibration curves reported.,N/A,N/A
42039745,4,Development/internal validation,XGBoost,Extreme gradient boosting,N/A,Training AUC 0.860; internal validation/test AUC 0.787.,N/A,Training accuracy 0.804; internal validation/test accuracy 0.786.,Training F1 score 0.296; internal validation/test F1 score 0.296.,Training Brier score 0.053; internal validation/test Brier score 0.060; calibration curves reported.,N/A,N/A
42039745,5,Development/internal validation,SVM,Support vector machine,N/A,Training AUC 0.494; internal validation/test AUC 0.552.,N/A,Training accuracy 0.255; internal validation/test accuracy 0.239.,Training F1 score 0.110; internal validation/test F1 score 0.112.,Training Brier score 0.065; internal validation/test Brier score 0.066; calibration curves reported.,N/A,N/A
42039745,6,Development/internal validation,KNN,k-nearest neighbors,N/A,Training AUC 1.000; internal validation/test AUC 0.769.,N/A,Training accuracy 1.000; internal validation/test accuracy 0.918.,Training F1 score 1.000; internal validation/test F1 score 0.356.,Training Brier score 0.010; internal validation/test Brier score 0.062; calibration curves reported.,N/A,N/A
42039745,7,Development/internal validation,LightGBM,Light gradient boosting machine,N/A,Training AUC 0.901; internal validation/test AUC 0.764.,N/A,Training accuracy 0.799; internal validation/test accuracy 0.775.,Training F1 score 0.376; internal validation/test F1 score 0.273.,Training Brier score 0.050; internal validation/test Brier score 0.062; calibration curves reported.,N/A,N/A
42061389,1,External validation,Single-ancestry PRS,Polygenic risk score constructed using PRS-CS continuous-shrinkage method,"PRS, sex, age, genetic principal components, BMI",Incremental AUC by ancestry: European 0.07-0.14; East Asian 0.02-0.16; African or African American 0.02-0.03; Admixed American 0.02-0.04; South Asian 0.02-0.04.,N/A,N/A,N/A,N/A,No,N/A
42061389,2,External validation,Multi-ancestry PRS / PRS-CSx model,Multi-ancestry polygenic risk score using PRS-CSx,"PRS, sex, age, genetic principal components, BMI","AUC and incremental AUC by ancestry: African or African American AUC 0.63-0.75, incremental AUC 0.02-0.06; Admixed American AUC 0.71-0.77, incremental AUC 0.06-0.09; East Asian AUC 0.72-0.86, incremental AUC 0.04-0.17; European AUC 0.69-0.76, incremental AUC 0.07-0.14; South Asian AUC 0.67-0.80, incremental AUC 0.06-0.10. OR per SD: African or African American 1.73 (95% CI 1.67-1.80); Admixed American 2.82 (2.67-2.97); East Asian 2.45 (2.36-2.54); European 2.36 (2.32-2.41); South Asian 2.23 (2.05-2.42).",N/A,N/A,N/A,N/A,No,N/A
42061389,3,External validation,Multi-ancestry PRS-CSx for complications and comorbidities,Logistic regression using PRS as predictor adjusted for covariates,"PRS, sex, age, and genetic principal components; outcomes included diabetic retinopathy, proliferative diabetic retinopathy, diabetic nephropathy, end-stage diabetic nephropathy, coronary artery disease, ischaemic stroke",N/A,N/A,N/A,N/A,"OR per SD ranged 1.28-1.57 for diabetic retinopathy, 1.25-1.58 for diabetic nephropathy, 1.39-2.08 for proliferative diabetic retinopathy, and 1.44-1.87 for end-stage diabetic nephropathy; coronary artery disease associated with PRS only in Admixed American ancestry, OR 1.16 (95% CI 1.08-1.25).",No,N/A
42061389,4,External validation,PRS tertile model for incident type 2 diabetes,Cox proportional hazards model; Kaplan-Meier curves for diabetes-free survival,PRS tertile; random glucose concentration strata,N/A,N/A,N/A,N/A,Highest versus lowest PRS tertile HRs: African or African American 1.76 (95% CI 1.39-2.23); Admixed American 3.87 (2.63-5.68); European 5.26 (4.39-6.29). PRS T3 plus random glucose >=140 mg/dL HRs: African or African American 5.35 (3.67-7.79); Admixed American 13.82 (7.24-26.39); European 22.43 (15.61-32.21).,No,N/A
42061389,5,External validation,Type 2 diabetes Framingham Risk Score-based clinical risk score; combined PRS + clinical risk score model,Cox proportional hazards model / multivariable hazards model,"Clinical risk score components: age, sex, parental history of type 2 diabetes, BMI, systolic blood pressure, HDL cholesterol, total cholesterol, triglycerides, random glucose concentration, PRS",N/A,"Clinical risk score C-index: African or African American 0.73, Admixed American 0.77, European 0.83. Combined PRS + clinical risk model improved C-index in Admixed American ancestry from 0.77 to 0.78 and European ancestry from 0.83 to 0.85; African or African American combined C-index improvement N/A.",N/A,N/A,"After adjustment for clinical risk score, PRS remained associated with incident type 2 diabetes: HR 1.28 (95% CI 1.14-1.44) in African or African American ancestry; 1.71 (1.44-2.03) in Admixed American ancestry; 1.81 (1.70-1.94) in European ancestry.",No,N/A
42019885,1,Development/internal validation,Cox proportional hazards model for obese-metabolic-anthropometric phenotypes and incident CKD,Cox proportional hazards model,"Sex, age, ethnicity, education level, Townsend Deprivation Index, employment status, smoking status, alcohol consumption, sleep duration, physical exercise, diet patterns.",N/A,N/A,N/A,N/A,"N/A; association/risk stratification HRs reported, e.g., fully adjusted HRs versus metabolically healthy non-obese slim shape: MUOA 2.68 (95% CI 2.48-2.89), MUOW 2.26 (2.10-2.43), MUOS 2.24 (2.05-2.45), MUOP 2.07 (1.88-2.28). PAR for integrated phenotype 29.3% (95% CI 20.8-38.3%).",No,N/A
42019885,2,Development/internal validation,K-modes clustering model / clustered obese-metabolic-anthropometric phenotypes,K-modes cluster analysis,"Obesity, metabolic health, body shape",N/A,N/A,N/A,N/A,"N/A; clustered phenotype HRs versus Cluster 1 were Cluster 2 HR 1.07 (95% CI 1.02-1.12), Cluster 3 HR 1.08 (1.03-1.12), and Cluster 4 HR 1.89 (1.80-1.97).",No,N/A
40117478,1,External validation,Khorana score,N/A,N/A,0.53 (95% CI 0.50-0.56) at 180 days/6 months; sensitivity analysis high-risk cutoff >=2: 0.52 (95% CI 0.48-0.55).,0.53 (95% CI 0.50-0.56),N/A,N/A,N/A,No,N/A
40117478,2,External validation,PROTECHT score,N/A,N/A,0.58 (95% CI 0.56-0.61) at 180 days/6 months.,0.58 (95% CI 0.56-0.61),N/A,N/A,N/A,No,N/A
40117478,3,External validation,CONKO score,N/A,N/A,0.54 (95% CI 0.51-0.57) at 180 days/6 months.,0.54 (95% CI 0.51-0.57),N/A,N/A,N/A,No,N/A
40117478,4,External validation,COMPASS-CAT score,N/A,N/A,0.50 (95% CI 0.47-0.53) at 180 days/6 months.,0.50 (95% CI 0.47-0.53),N/A,N/A,N/A,No,N/A
40117478,5,External validation,CAT Score,Nomogram-based clinical prediction model; underlying modeling method N/A,N/A,0.65 (95% CI 0.62-0.67) at 180 days/6 months; complete-case AUC decreased from 0.68 to 0.65 after imputation.,0.65 (95% CI 0.62-0.67),N/A,N/A,N/A,Yes,N/A
40117478,6,External validation,EHR-CAT score,N/A,N/A,0.55 (95% CI 0.52-0.57) at 180 days/6 months.,0.55 (95% CI 0.52-0.57),N/A,N/A,N/A,No,N/A
41952123,1,Development/internal validation,Osteoporosis risk-assessment nomogram / screening nomogram,LASSO regression for variable selection followed by multivariable logistic regression,"Sex, age, diabetes mellitus, prior fracture history, body mass index, serum uric acid, serum calcium, vitamin D / 25(OH)D","Apparent/development ROC AUC 0.799 (95% CI 0.789-0.808); internal validation after 1,000 bootstrap resamples AUC 0.788 (95% CI 0.779-0.797).",N/A,Development/performance at optimal cutoff 0.556: accuracy 0.751.,N/A,"Calibration curve showed close agreement between expected probabilities and observed frequencies; Hosmer-Lemeshow test chi-square=4.630, P=0.796.",Yes,N/A
41952123,2,Development/internal validation,Basic Model 1 / Age + sex model,N/A,"Age, sex",0.597,N/A,0.579,N/A,N/A,No,N/A
41952123,3,Development/internal validation,Basic Model 2 / Age + sex + BMI model,N/A,"Age, sex, BMI",0.612,N/A,0.587,N/A,N/A,No,N/A
40670424,1,Development/internal validation,RA-PRS using LDpred2,Polygenic risk score using LDpred2 Bayesian/auto-regression approach,SNPs,Training group AUC 0.751; testing group AUC exact value N/A; all-patients AUC exact value N/A.,N/A,N/A,N/A,N/A,No,N/A
40670424,2,Development/internal validation,RA-PRS using PLINK,Polygenic risk score using PLINK clumping and thresholding,SNPs,Training group AUC 0.637; testing group AUC exact value N/A; all-patients AUC exact value N/A.,N/A,N/A,N/A,N/A,No,N/A
40670424,3,Development/internal validation,RA-PRS using PRSice-2,Polygenic risk score using PRSice-2 clumping and thresholding,SNPs,Training group AUC 0.611; testing group AUC exact value N/A; all-patients AUC exact value N/A.,N/A,N/A,N/A,N/A,No,N/A
39510220,1,Development/internal validation,Cox proportional hazard regression model,Cox proportional hazard regression model,"Age at baseline, sex, ethnicity, Townsend deprivation index, education, smoking, alcohol consumption, physical activity, body mass index, total energy intake, dietary total antioxidant capacity, IBD genetic susceptibility PRS, and antioxidant enzyme gene polymorphisms.",N/A,N/A,N/A,N/A,N/A,No,N/A
40739282,1,Development/internal validation,Algorithm for the Prediction of Risk of Infections (APRI),Random Forest regression,"Temperature, humidity, CO2, PM10, PM2.5",N/A,N/A,N/A,N/A,"N/A; internal test-set regression performance reported: MAE 0.02920878338135861, MAPE 0.050928344179091666, R2 0.9740023405842765, RMSE 0.11198848944765573.",No,N/A
40739282,2,Development/internal validation,Decision Tree Regressor,Decision Tree regression,N/A,N/A,N/A,N/A,N/A,"N/A; compared using RMSE distribution metrics, but explicit numerical values not reported in provided text.",No,N/A
40739282,3,Development/internal validation,XGBoost Regressor / XGB,XGBoost regression,N/A,N/A,N/A,N/A,N/A,"N/A; XGBoost underperformed and showed greater variability/skewed error pattern, but exact RMSE values N/A.",No,N/A
40739282,4,Development/internal validation,CatBoost Regressor,CatBoost regression,N/A,N/A,N/A,N/A,N/A,"N/A; included in algorithm comparison using RMSE distribution metrics, but exact numerical values N/A.",No,N/A
40624673,1,Development/internal validation,Nomogram model for predicting postoperative pneumonia in geriatric patients with hip fracture,Logistic regression-based prediction model with LASSO variable selection,"Age, sex, COPD, postoperative ICU, ASA classification, blood glucose, albumin / ALB",Training AUC 0.874; internal validation AUC 0.840; confidence intervals N/A.,N/A,N/A,N/A,"Training calibration plot showed close agreement; Hosmer-Lemeshow chi-square=6.04, df=8, p=0.643. Internal validation calibration plot showed close agreement; Hosmer-Lemeshow chi-square=4.79, df=8, p=0.779.",Yes,N/A
40498087,1,Development/internal validation,Clinical predictive nomogram for assessing sepsis-associated AKI risk in children with septic shock,Logistic regression model,"Height, early use of antibiotics, base excess, procalcitonin, blood urea nitrogen, prolonged prothrombin time >=3 seconds, positive random urine protein",Development/model performance AUC 0.895 (95% CI 0.836-0.955); internal bootstrap validation AUC 0.895 (95% CI 0.893-0.896) using 1000 bootstrap resamples; sensitivity 77.1%; specificity 88.9%.,N/A,N/A,N/A,"Calibration curve closely approximated the ideal diagonal; DCA showed higher net benefit than all-intervention and no-intervention strategies across thresholds 0 to 1; Hosmer-Lemeshow, Brier score, O/E ratio, slope, and intercept N/A.",Yes,N/A
41022462,1,External validation,CORE / Cirrhosis Outcome Risk Estimator,Cause-specific flexible parametric survival models for MALO and competing non-MALO death; simplified CORE derived by logit-transforming predicted risks and using normal linear regression with backward elimination,"Age, sex, aspartate aminotransferase, alanine aminotransferase, gamma-glutamyl transferase","AMORIS 10-year AUC 0.88 (95% CI 0.87-0.89), optimism corrected using bootstrap validation; time-dependent AUC ranged from 0.94 at 1 year (95% CI 0.91-0.98) to 0.88 at 10 years. External FINRISK + Health 2000 10-year AUC 0.81 (95% CI 0.77-0.87). External UK Biobank 10-year AUC 0.79 (95% CI 0.78-0.80). EASL screening subgroup AUC 0.894 (95% CI 0.855-0.929); complete case sensitivity AUC 0.882 (95% CI 0.869-0.891).",N/A,N/A,N/A,Calibration assessed by calibration curves; CORE calibration good in all three cohorts. Some overprediction in AMORIS and FINRISK at high risks >30%; UK Biobank showed very good calibration at high risks and slight overprediction at intermediate risks around 3-7%.,No,Yes
41022462,2,External validation,FIB-4 / fibrosis-4 score,N/A,N/A,AMORIS 10-year AUC 0.79 (95% CI 0.78-0.80); time-dependent AUC ranged from 0.86 at 1 year (95% CI 0.84-0.89) to 0.79 at 10 years. External UK Biobank 10-year AUC 0.73 (95% CI 0.72-0.74). FINRISK + Health 2000 AUC N/A because platelet count was unavailable.,N/A,N/A,N/A,"FIB-4 is not expressed on the probability scale, so it could not be directly compared with CORE for calibration/net benefit unless recalibrated; specific calibration metrics N/A.",No,Yes
40594406,1,Development/internal validation,STOP-BANG questionnaire score as predictor of OSA,Questionnaire-based screening score with ROC analysis,"Snoring loudly, daytime tiredness or sleepiness, observed sleep apnea, hypertension, BMI >35 kg/m2, age >50 years, neck circumference >40 cm, male sex","AUC 0.861 (95% CI 0.812-0.911), p<0.001; optimal cutoff STOP-BANG score 3; sensitivity 85.2%; specificity 76.1%.",N/A,N/A,N/A,N/A,No,N/A
40594406,2,Development/internal validation,Fasting insulin level for predicting high OSA risk,Single-marker ROC analysis,Fasting insulin level,"AUC 0.582, p<0.001; optimal cutoff fasting insulin level 9; sensitivity 0.477; specificity 0.655; 95% CI N/A.",N/A,N/A,N/A,N/A,No,N/A
40594406,3,Development/internal validation,TyG index for predicting high OSA risk,Single-marker ROC analysis,Triglyceride-glucose index / TyG index,"AUC 0.624, p<0.001; optimal cutoff TyG index >=4.668; sensitivity 0.633; specificity 0.553; 95% CI N/A.",N/A,N/A,N/A,N/A,No,N/A
40594406,4,Development/internal validation,HOMA-IR for predicting high OSA risk,Single-marker ROC analysis,HOMA-IR,"AUC 0.602, p<0.001; optimal cutoff HOMA-IR 1.970; sensitivity 0.562; specificity 0.601; 95% CI N/A.",N/A,N/A,N/A,N/A,No,N/A
40594406,5,Development/internal validation,Multivariable logistic regression Model 1 / crude model,Logistic regression,"Fasting insulin, TyG index, HOMA-IR",N/A,N/A,N/A,N/A,N/A,No,N/A
40594406,6,Development/internal validation,Multivariable logistic regression Model 2,Logistic regression,"Fasting insulin, TyG index, HOMA-IR, age, sex",N/A,N/A,N/A,N/A,N/A,No,N/A
40594406,7,Development/internal validation,Multivariable logistic regression Model 3 / fully adjusted model,Logistic regression,"Separate analyses for fasting insulin, TyG index, and HOMA-IR; adjusted covariates: age, sex, body mass index, marital status, educational level, household income level, smoking status, drinking status, aerobic physical activity, anaerobic physical activity, hypertension, diabetes, dyslipidemia.",N/A,N/A,N/A,N/A,N/A,No,N/A
40401370,1,Development/internal validation,Protein risk score for AF,Lasso-penalized Cox proportional hazards model with ten-fold cross-validation for penalization strength,"Model development used 1459 plasma protein levels, age, and sex. Final protein risk score formula included 165 unique plasma proteins and was calculated from protein levels and coefficients from derivation set as the linear part of the Cox model, excluding age and sex; full 165-protein list N/A in extracted text.",N/A,"UKB-PPP test set: adding protein risk score to CHARGE-AF + NT-proBNP yielded C-index 0.804 (95% CI 0.790-0.818), increase 0.049 (95% CI 0.042-0.062). Adding protein risk score to CHARGE-AF + NT-proBNP + polygenic risk score yielded C-index 0.816 (95% CI 0.802-0.829), comparator C-index 0.771 (95% CI 0.755-0.787), increase 0.044 (95% CI 0.039-0.055).",N/A,N/A,"Calibration assessed by observed probability versus mean predicted probability within tenths of predicted probabilities; baseline model including CHARGE-AF, NT-proBNP, and polygenic risk score was well calibrated in UKB-PPP test set; slope/intercept, Brier, Hosmer-Lemeshow, O/E N/A.",No,N/A
40401370,2,External validation,Externally replicated protein risk score for AF,Protein risk score derived from UKB-PPP lasso-penalized Cox model externally applied in ARIC,"Same UKB-PPP-derived protein risk score formula with 165 unique plasma proteins; ARIC validation model comparison included CHARGE-AF, NT-proBNP, and protein risk score; polygenic risk score not reported as part of ARIC model.",N/A,ARIC external validation: CHARGE-AF + NT-proBNP + protein risk score C-index 0.738 (95% CI 0.724-0.752); comparator CHARGE-AF + NT-proBNP C-index 0.695 (95% CI 0.680-0.710); C-index increase 0.044 (95% CI 0.026-0.063).,N/A,N/A,N/A,No,N/A
40401370,3,Development/internal validation,Protein risk score for death or stroke among individuals with a history of AF,Previously developed protein risk score applied in Cox regression analysis,"Protein risk score formula from incident AF model; baseline comparator model included CHA2DS2-VASc score, oral anticoagulant use, and NT-proBNP; complete 165-protein list N/A.",N/A,UKB-PPP history of AF: C-index change after adding protein risk score to CHA2DS2-VASc + oral anticoagulant use + NT-proBNP was 0.053 (95% CI 0.038-0.077); absolute C-index N/A.,N/A,N/A,Decision curve analysis: predicted net benefit before adding protein risk score 0.2 per 1000 people and after adding protein risk score 1.7 per 1000 people at 5-year risk threshold of 25%; other calibration measures N/A.,No,N/A
40401370,4,External validation,Externally applied protein risk score for death or stroke among individuals with a history of AF,Previously developed protein risk score applied in ARIC; Cox model implied but exact method not separately described,"Protein risk score formula from incident AF model; comparator covariates: CHA2DS2-VASc score, oral anticoagulant use, NT-proBNP",N/A,N/A,N/A,N/A,N/A,No,N/A
