PMID,Study Type,Disease Name,External Validation,Date Range in the Development Set,Date Range in the Validation Set,Median Follow-up Time (Years) and IQR,Mean Follow-up Time (Years) and Standard Error,Data Sources,Sample Characteristics,Number of Cases in the Development Set,Number of Controls in the Development Set,Number of Cases in the Validation Set,Number of Controls in the Validation Set,Number of Female Participants (Development),Number of Female Participants (Validation),Number of Male Participants (Development),Number of Male Participants (Validation),Age Range (Development),Age Range (Validation),Average Age and Standard Deviation (Development),Average Age and Standard Deviation (Validation),Median Age (Development) and IQR,Median Age (Validation) and IQR,Racial/Ethnic Composition (Development),Racial/Ethnic Composition (Validation)
37842633,Prospective study,Depression,No,2013–2018,N/A,N/A,5 years (SD: NA),China Health and Retirement Longitudinal Study (CHARLS) dataset,"Age ≥45 years, includes chronic diseases (e.g., hypertension, dyslipidemia, diabetes), smoking, drinking, social participation, economic and environmental factors",1255,2632,N/A,N/A,2055,N/A,1832,N/A,≥45 years,N/A,62.34 years (SD: NA),N/A,N/A,N/A,Predominantly Chinese (Han and possibly minority groups),N/A
40205377,Retrospective study,Depression,No,2011,2011,N/A,N/A,China Health and Retirement Longitudinal Study (CHARLS) 2011 dataset,Rural elderly individuals living alone,633,588,N/A,N/A,817,N/A,404,N/A,≥60 years,≥60 years,71.9 years (SD = 7.7),71.9 years (SD = 7.7),N/A,N/A,N/A,N/A
36509405,Retrospective study,Asthma,No,2003-2020,N/A,N/A,0.5 years (SD: NA),OptumLabs Data Warehouse (OLDW),"Patients with persistent asthma who received asthma biologic therapy (benralizumab, dupilumab, mepolizumab, omalizumab, reslizumab)",552,1895,N/A,N/A,1505,N/A,942,N/A,0-11 to 65+ years,N/A,47.1 years (SD: 17.1),N/A,N/A,N/A,"White: 74.13%, Hispanic: 8.75%, Black: 9.28%, Asian: 3.64%, Unknown: 4.21%",N/A
34841728,Prospective study,Childhood asthma,Yes,N/A,N/A,N/A,10 years (SD: NA),Isle of Wight Birth Cohort (IOWBC) for development; Manchester Asthma and Allergy Study (MAAS) for validation,General population-based cohort (development); general population and high-risk subgroups with parental allergic disease (validation),201,1167,132,1038,N/A,N/A,N/A,N/A,Birth to 10 years,8 to 11 years,N/A,N/A,N/A,N/A,Predominantly Caucasian,Predominantly Caucasian
35177746,Prospective study,chronic kidney disease,No,2006–2018,N/A,N/A,Up to 13 years (SD: NA),"Tianjin Medical University Chronic Disease Cohort, UK Biobank (for genetic data), UCSC Genomic Bioinformatics Database","No CKD at baseline, higher incidence of type 2 diabetes and hyperuricemia in CKD group, teachers and government employees, no family history of inherited diseases, no nephrotoxic drug usage",116,232,N/A,N/A,88,N/A,260,N/A,N/A,N/A,63.27 years (SD = 10.09),N/A,N/A,N/A,N/A,N/A
36959840,Retrospective study,Chronic Kidney Disease (CKD),No,N/A,N/A,N/A,N/A,UCI repository CKD dataset,CKD patients and healthy individuals,250,150,N/A,N/A,N/A,N/A,N/A,N/A,N/A,N/A,N/A,N/A,N/A,N/A,N/A,N/A
38186582,Prospective study,Chronic Obstructive Pulmonary Disease (COPD),Yes,2014–2020,2014–2020,N/A,3.59 years,COPD Surveillance in China,"Subjects aged ≥40 years without airflow limitation, with assessed risk factors (smoking, indoor biomass/coal exposure, workplace dust/chemical exposure, history of emphysema, coronary heart disease, or hypertension)",235,3291,30,431,2039,N/A,1487,N/A,≥40 years,≥40 years,54.5 years (SD: 9.3),N/A,N/A,N/A,Chinese,Chinese
33664570,Cross-sectional study,Chronic Obstructive Pulmonary Disease (COPD),No,2018,N/A,N/A,N/A,Natural Population Cohort Study in Northwest China (SQ2017YFSF090013) and its sub-project Study on Cohort Construction and Health Follow-up of Xinjiang Multi-ethnic Natural Population (2017YFC0907203),"Rural population with smoking (14.2%), passive smoking (7.9%), coal/biofuel use (95.5%), low socioeconomic status, and some with tuberculosis history",394,2855,N/A,N/A,N/A,N/A,N/A,N/A,35–79 years,N/A,52.8 years (SD = 9.4),N/A,N/A,N/A,Multi-ethnic population in Xinjiang,N/A
35672659,Retrospective study,Myocardial infarction (MI),No,2011–2020,N/A,N/A,N/A,West China Hospital of Sichuan University (hospital medical records),MI group: Diagnosed with myocardial infarction; Control group: No myocardial infarction,14446,220369,N/A,N/A,92189,N/A,142626,N/A,MI: –92.7 years; Control: –96.0 years,N/A,MI: 65.9 years (SD = 13.4); Control: 62.4 years (SD = 16.8),N/A,N/A,N/A,N/A,N/A
34737789,Retrospective study,Acute myocardial infarction (AMI),No,N/A,N/A,N/A,N/A,Cooperative Chinese medicine company,"AMI patients; excluded images with severe peeling, scars, or unnatural palm positions",N/A,N/A,N/A,N/A,119,N/A,182,N/A,N/A,N/A,N/A,N/A,N/A,N/A,N/A,N/A
35059311,Prospective study,Lung cancer,No,2013-2019,N/A,2.95 years (IQR: 1.71–4.83),N/A,Cancer Screening Program in Urban China (CanSPUC) conducted in Henan Province,"Non-smokers (excluding former smokers), aged 40–74, no prior lung cancer",344,214420,N/A,N/A,151838,N/A,62926,N/A,40–74 years,N/A,55.19 years (SD: 8.78),N/A,N/A,N/A,"Han: 98.29%, Others: 1.71%",N/A
29621362,Prospective study,Invasive breast cancer,No,1996-2014,N/A,5.2 years (IQR: 2.4–11.1),N/A,Kaiser Permanente Washington Breast Cancer Surveillance Consortium (BCSC) registry,"Women without prior invasive breast cancer or ductal carcinoma in situ, aged 40–73 years, attending routine mammography screening",2699,129440,N/A,N/A,132139,N/A,0,N/A,40–73 years,N/A,N/A,N/A,50 years (IQR: 44–58),N/A,"White: 80.4%, Asian: 8.8%, Black: 3.9%, More than one race: 2.7%, Other: 2.6%, Unknown: 1.5%; Non-Hispanic: 93.7%, Hispanic: 5.0%, Unknown Hispanic: 1.4%",N/A
29574637,Retrospective study,Contralateral breast cancer (CBC),Yes,1995–2009 (BCSC); NA (SEER),1990–2016 (JH); 1983–2014 (MDA),JH Cases: 6 years; JH Controls: 7.4 years; MDA Cases: 4.2 years; MDA Controls: 4.8 years; IQR: NA,JH Cases: 6.4 years; JH Controls: 8 years; MDA Cases: 5.1 years; MDA Controls: 5.8 years; SD: NA,"Breast Cancer Surveillance Consortium (BCSC), Surveillance, Epidemiology, and End Results (SEER), Johns Hopkins University (JH), University of Texas MD Anderson Cancer Center (MDA)","Women aged 18–88 years with unilateral invasive breast cancer or DCIS, excluding those with CPM or CBC within 6 months",BCSC: 1921; SEER: 19835,BCSC: 75825; SEER: 804933,JH: 117; MDA: 111,JH: 5918; MDA: 5074,BCSC: 77746; SEER: 824768,JH: 6035; MDA: 5185,0,0,18–88 years,18–88 years,N/A,N/A,N/A,N/A,N/A,N/A
37511678,Retrospective study,Colorectal Cancer (CRC),No,SOCCS: 1999–ongoing; LABSS: 2017–ongoing,N/A,N/A,N/A,Study of Colorectal Cancer in Scotland (SOCCS); Lothian Bowel Symptoms Study (LABSS),"Participants with gastrointestinal symptoms (e.g., changes in bowel habits, rectal bleeding, weight loss, anaemia, abdominal pain)",1686,963,N/A,N/A,1267,N/A,1382,N/A,"≥16 years (SOCCS), ≥18 years (LABSS)",N/A,N/A,N/A,65.42 years (IQR: 56.00–73.50),N/A,Primarily European descent,N/A
33390155,Prospective study,Colorectal cancer,Yes,1992–2010,1992–2010,15.4 years (IQR: 13.2–16.9),N/A,EPIC (European Prospective Investigation into Cancer and Nutrition),"Excluded prevalent cancer, diabetes, myocardial infarction, stroke; included smokers (23.5% current, 27.4% former in development set)",3572,251910,1054,73349,172381,45144,83101,29259,19.5–70.0 years,19.9–70.0 years,51.4 years (SD: 9.7),49.7 years (SD: 9.6),N/A,N/A,N/A,N/A
36493335,Retrospective study,Prostate cancer (PCa),Yes,1993–2017,2006–2010,N/A,N/A,"UK Genetic Prostate Cancer Study (UKGPCS), UK Biobank","Development: Probands with histologically confirmed PCa (50% diagnosed by symptoms, 24% by PSA screening, 26% unknown); 30% with PCa in first- or second-degree relatives. Validation: Participants free of cancer at recruitment (except nonmelanoma skin cancers).",16633,4319,"3,456 (5-year follow-up); 7,624 (10-year follow-up)","167,394 (5-year follow-up); 163,226 (10-year follow-up)",N/A,0,20952,170850,N/A,N/A,N/A,N/A,N/A,N/A,European ancestry,White British
35875103,Retrospective study,Prostate cancer (PCa),No,2013-2021,N/A,N/A,N/A,"Electronic medical records, First Hospital of Jilin University","Male patients undergoing prostate biopsy, tPSA >4 ng/ml, abnormal DRE, or imaging findings",302,249,N/A,N/A,0,N/A,551,N/A,≥18 years,N/A,N/A,N/A,N/A,N/A,N/A,N/A
33669642,Retrospective study,Gastric cancer (GC),No,2011-2014,1996–1997,N/A,N/A,"National Cancer Center, Korea; 1000 Genome Project phase 3 East Asian Ancestry (EAS)","GC cases (histologically confirmed), healthy controls; H. pylori infection, lifestyle factors (smoking, alcohol, diet)",450,1136,450,1136,750,750,836,836,N/A,N/A,Cases: 55.4 years (SD = 10.7); Controls: 52.1 years (SD = 8.5),N/A,N/A,N/A,Korean/East Asian,Korean
33223755,Prospective study,Gastric cancer,No,2015-2017,N/A,N/A,3.47 years (SD: NA),"Seven study sites in China (Cixian, Linzhou, Wuwei, Changsha, Harbin, Luoshan, Sheyang), with risk assessment in Changsha, Harbin, Luoshan, and Sheyang; linked to cancer registry and death surveillance systems","Aged 40–69 years, no history of cancer, no endoscopic examination in past 3 years, assessed for smoking, alcohol consumption, dietary habits, family history of upper gastrointestinal cancer, and gastric disease history",131,89783,N/A,N/A,49211,N/A,40703,N/A,40–69 years,N/A,53.83 years (SD: 8.04),N/A,N/A,N/A,N/A,N/A
36568745,Prospective study,Liver cancer,No,2006–2010,N/A,N/A,8.05 years (SD: NA),UK Biobank,"Participants with complete data on liver cancer outcome and risk factors, excluding those with baseline cancer diagnosis; includes various conditions such as smoking, alcohol use, diabetes, viral hepatitis, non-viral liver diseases, high cholesterol, cardiovascular disease, and family history of cancer",197,251445,N/A,N/A,135025,N/A,116617,N/A,37–73 years,N/A,56.8 years (SD: NA),N/A,50–59 years (IQR: 45–50 to 60–65),N/A,"White: 94.50%, Others: 5.23%, Unknown: 0.27%",N/A
39350987,Retrospective study,Hepatocellular carcinoma (HCC),Yes,2021-2022,2023,N/A,N/A,"The Second Hospital & Clinical Medical School, Lanzhou University","Patients with HCC or cirrhosis; excluded if on anticoagulation therapy, had HCC treatments, or had other tumors",190,195,83,82,94,47,288,118,47–59 years,47–59 years,N/A,N/A,53 years (IQR: 47–59),53 years (IQR: 48–58),N/A,N/A
36772237,Retrospective secondary data analysis,Coronary artery disease (CAD),No,N/A,N/A,N/A,N/A,Publicly available dataset,"Participants with smoking, hypertension, stroke, diabetes, and blood pressure medication use","556 (original), 3099 (SMOTE)","3099 (original), 3099 (SMOTE)",N/A,N/A,"2033 (original), 2805 (SMOTE)",N/A,"1622 (original), 3393 (SMOTE)",N/A,32–70 years,N/A,"49.5 years (SD: 8.56) (original), 51.5 years (SD: 8.34) (SMOTE)",N/A,N/A,N/A,N/A,N/A
39553308,Retrospective study,Coronary artery disease (CAD),No,N/A,N/A,N/A,N/A,"GEO database (GSE113079, GSE59421)",Patients with coronary artery disease (CAD),93,48,N/A,N/A,N/A,N/A,N/A,N/A,N/A,N/A,N/A,N/A,N/A,N/A,N/A,N/A
35983181,Retrospective study,Carotid atherosclerosis (CAS),Yes,2020,2015,N/A,N/A,"Electronic medical record system of Zhenhai Lianhua Hospital, Ningbo, China","Adults undergoing health checkups with conditions such as diabetes mellitus, hypertension, smoking history, and drinking history",3813,757,2039,752,1560,888,3010,1903,19–93 years,N/A,60.35 years (SD = 14.29),59.90 years (SD = 13.36),N/A,N/A,N/A,N/A
33936038,Cross-sectional study,Atherosclerosis in systemic lupus erythematosus (SLE),No,2019,N/A,N/A,N/A,"Chinese SLE Treatment and Research Group (CSTAR) registry, Peking Union Medical College Hospital","SLE patients, age >18 years, no active infection/tumor/severe SLE/CVD before SLE, using medications (e.g., statins, corticosteroids), some smokers, postmenopausal females, long disease duration, organ damage",20,47,N/A,N/A,63,N/A,4,N/A,N/A,N/A,N/A,N/A,42.7 years (IQR: 36.6–51.2),N/A,100% Chinese,N/A
36581881,Retrospective and Prospective,Sepsis,Yes,MIMIC-III: 2001–2012; HDRJH: 2011–2019,HDRJH: 2011–2019; Real-world: 2021,N/A,N/A,"MIMIC-III (Beth Israel Deaconess Medical Center, USA), Historical Database of Ruijin Hospital (HDRJH, China), Real-world data from Ruijin Hospital ICU (China)",ICU patients; sepsis (infection + SOFA score) or non-sepsis; some received antibiotics or mechanical ventilation,1201,6143,HDRJH: 144; Real-world: 22,HDRJH: 309; Real-world: 46,N/A,N/A,N/A,N/A,N/A,N/A,N/A,N/A,N/A,N/A,N/A,N/A
34255071,Prospective study,Second Primary Lung Cancer (SPLC),Yes,1993–2017,N/A,2.2 years (IQR: 0.2–2.6),N/A,"Multiethnic Cohort (MEC), Surveillance, Epidemiology, and End Results (SEER) registries, Prostate, Lung, Colorectal, and Ovarian Cancer Screening Trial (PLCO), National Lung Screening Trial (NLST)",Ever-smokers with initial primary lung cancer (IPLC) diagnosis,145,6180,PLCO: 101; NLST: 93,PLCO: 2862; NLST: 2751,2529,PLCO: 1132; NLST: 1202,3796,PLCO: 1831; NLST: 1642,<55–≥80 years,PLCO: 55–≥80 years; NLST: 55–≥80 years,74.2 years (SD: 8.2),PLCO: 71.5 years (SD: 6.4); NLST: 68.4 years (SD: 6.1),N/A,N/A,"White: 25.2%, Japanese American: 21.5%, African American: 27.4%, Latino: 13.0%, Native Hawaiian: 8.4%, Others: 4.5%","PLCO: White: 88.4%, Asian: 2.4%, African American: 7.0%, Latino: 1.3%, Others: 1.0%; NLST: White: 90.6%, Asian: 1.6%, African American: 5.0%, Latino: 1.2%, Others: 1.6%"
33659912,Retrospective study,Sepsis,No,2000–2016,N/A,N/A,N/A,Cerner Health Facts database,Hospitalized adult patients (≥18 years) with proven or suspected infection and two or more SIRS criteria for sepsis cases,52802,126041,N/A,N/A,91459,N/A,87384,N/A,18–100 years,N/A,N/A,N/A,N/A,N/A,"African American: 17.8% (11,084 cases + 20,556 controls), Asian: 1.5% (1,085 cases + 1,627 controls), Caucasian: 72.7% (35,059 cases + 95,657 controls), Others/unknown: 7.8% (5,574 cases + 8,201 controls)",N/A
39076472,Retrospective study,Heart Failure (HF),No,N/A,N/A,N/A,N/A,Taiwan’s National Health Insurance Research Database (NHIRD),"Patients with HF diagnoses (experimental group) and non-HF participants (control group), matched for sex and age",8500,21786,N/A,N/A,16287,N/A,13765,N/A,N/A,N/A,N/A,N/A,N/A,N/A,N/A,N/A
39611013,Retrospective study,Acute Ischemic Stroke (AIS),No,2017-2021,N/A,N/A,N/A,Liuzhou Traditional Chinese Medicine Hospital (stroke green channel timing control system and electronic medical record system),"Patients with AIS, some with history of hypertension, cerebral infarction, cerebral artery occlusion, or carotid atherosclerosis",114,409,N/A,N/A,186,N/A,337,N/A,N/A,N/A,N/A,N/A,68 years (IQR: 59–76),N/A,N/A,N/A
34860663,Retrospective study,Stroke,No,2011–2015,N/A,N/A,N/A,National Health and Nutrition Examination Survey (NHANES),"Participants with and without stroke; no specific disease background, surgeries, treatments, or conditions like pregnancy or smoking explicitly mentioned",608,3578,N/A,N/A,190,N/A,220,N/A,N/A,N/A,N/A,N/A,51 years (IQR: NA),N/A,N/A,N/A
37970129,Retrospective study,Gestational diabetes mellitus (GDM),Yes,2020-2022,N/A,N/A,N/A,N/A,Pregnant women,197,209,N/A,N/A,406,N/A,0,N/A,22–43 years,N/A,31.17 years (SD: 4.02),N/A,N/A,N/A,N/A,N/A
36456970,Retrospective study,Gestational diabetes mellitus (GDM),No,2019-2021,N/A,N/A,N/A,First Affiliated Hospital of Jinan University and Jiangmen Maternity and Child Health Care Hospital,Pregnant women with singleton pregnancy,Basic: 1294; Extended: 910,Basic: 1601; Extended: 1206,N/A,N/A,Basic: 2895; Extended: 2116,N/A,0,N/A,N/A,N/A,N/A,N/A,Basic Training: 30.0 years (IQR: 27.0–32.0); Basic Validation: 30.0 years (IQR: 27.0–32.0); Extended Training: 30.0 years (IQR: 27.0–32.0); Extended Validation: 29.0 years (IQR: 27.0–32.0),N/A,N/A,N/A
34233656,Retrospective study,Alzheimer’s Disease (AD),Yes,2018-2019,2018-2019,N/A,N/A,Medical records from People’s Hospital of Xinjiang Uygur Autonomous Region,"Elderly patients (≥60 years old), some with AD, others without; health conditions include midlife hypertension, diabetes, herpesvirus infection, stroke, traumatic brain injury, depression; lifestyle factors include smoking, exercise, diet, alcohol consumption",416,408,139,136,281,107,543,168,N/A,N/A,66.82 years (SD = 4.01),66.94 years (SD = 4.23),N/A,N/A,N/A,N/A
32324812,Retrospective study,Alzheimer’s Disease (AD),No,N/A,N/A,N/A,N/A,National Institute on Aging—Late-Onset Alzheimer’s Disease Family Study: Genome-Wide Association Study for Susceptibility Loci (phs000168.v2.p2) from the National Center for Biotechnology Information (NCBI) through the Genotypes and Phenotypes database (dbGaP),"Cases: Diagnosed with Definite AD by neuropathological criteria or Probable AD by NINCDS-ADRDA criteria, age at diagnosis ≥ 60 years. Controls: No cognitive deterioration or memory loss, no history of psychiatric or neurological disorders.",813,1017,N/A,N/A,N/A,N/A,N/A,N/A,≥ 60 years,N/A,N/A,N/A,N/A,N/A,European-American,N/A
35365675,Retrospective study,Parkinson’s disease (PD),Yes,N/A,N/A,N/A,N/A,AMP PD Knowledge Platform (PPMI and PDBP datasets),"Unmedicated PD cases within 1 year of diagnosis (PPMI), PD cases within 5 years of diagnosis regardless of medication status (PDBP), controls unaffected by neurologic diseases",N/A,N/A,N/A,N/A,N/A,N/A,N/A,N/A,N/A,N/A,"PPMI Case: 61.75 years (SD: 9.69), Control: 60.61 years (SD: 10.43)","PDBP Case: 64.59 years (SD: 8.99), Control: 62.87 years (SD: 10.96)",N/A,N/A,Primarily European ancestry,Primarily European ancestry
34745218,Retrospective study,Parkinson's disease,No,N/A,N/A,N/A,N/A,Parkinson’s Progression Marker Initiative (PPMI) dataset,N/A,296,140,N/A,N/A,N/A,N/A,N/A,N/A,N/A,N/A,N/A,N/A,N/A,N/A,N/A,N/A
34528757,Retrospective study,Heart failure,No,2002–2006,N/A,N/A,N/A,"VA Corporate Data Warehouse (CDW), linked to Centers for Medicaid and Medicare Services (CMS) and National Death Index (NDI) databases","Patients with at least one primary care visit at a VA facility, at least one outpatient lipid result between 2002 and 2007, and a blood pressure measurement within 30 days of lipid testing; excluded individuals with severe comorbidities (cancer, dialysis, major mental health disorder), non-white or non-black race, heart failure before or within 30 days of baseline, or death within 30 days of baseline",HFpEF: 52679; HFrEF: 71463,1361773,N/A,N/A,36573,N/A,1319113,N/A,40–80 years,N/A,White men: 63.6 years (SD: 9.7); Black men: 57.3 years (SD: 10.3); White women: 56.5 years (SD: 11.4); Black women: 49.3 years (SD: 7.4),N/A,N/A,N/A,"White: 1,179,286 (86.6%); Black: 183,327 (13.4%); Hispanic or Latino: 57,846 (4.2%)",N/A
35141294,Retrospective study,Hypertension,Yes,2018,N/A,N/A,N/A,"Community hypertension clinics in 5 communities in Guangzhou and Dongguan, China",Patients with a history of hypertension receiving antihypertensive medicines,452,587,N/A,N/A,470,N/A,549,N/A,N/A,N/A,61 years (SD = 13),N/A,N/A,N/A,N/A,N/A
35896590,Prospective study,Hypertension,No,N/A,N/A,5.8 years (IQR: NA),N/A,"Alberta’s Tomorrow Project (ATP) cohort data, linked with Alberta’s administrative health data","Participants aged 35–69 years, without any history of cancer (other than non-melanoma skin cancer), free of hypertension at baseline",416,"11,817",N/A,N/A,"8,396",N/A,"3,837",N/A,35–70 years,N/A,50.99 years (SD: 0.07),N/A,N/A,N/A,"Aboriginal: 0.37%, Asian: 4.51%, White: 92.21%, Latin American Hispanic: 0.89%, Black: 0.53%, Other: 1.49%",N/A
41987941,Other,Lung cancer,No,N/A,N/A,N/A,N/A,Nine real-world lung cancer cohorts: Vanderbilt Lung Screening Program (VLSP); LI-VUMC longitudinal imaging and biomarker cohort at Vanderbilt University Medical Center; MCL-VUMC; MCL-UPMC; MCL-UCD; MCL-DECAMP; BRONCH diagnostic bronchoscopy cohort; NLST-test; NLST-test-nodule.,"Patients from lung cancer screening, longitudinal imaging/biomarker, incidental nodule, diagnostic bronchoscopy, and NLST-derived cohorts. Cohorts included structured metadata, chest CT imaging, diagnostic labels, and CT-derived imaging features. CT scans with severe imaging artifacts, slice thickness >=5 mm, or incomplete lung fields were excluded. The study included 3,750 patients; a random 30% held-out internal validation set included 1,123 patients, but no independent external validation cohort was reported.",N/A,N/A,N/A,N/A,N/A,N/A,N/A,N/A,N/A,N/A,N/A,N/A,N/A,N/A,N/A,N/A
41957866,Prospective cohort validation/performance comparison study,Breast cancer,Yes,N/A,"2001-2020; four 5-year intervals: 2001-2005, 2006-2010, 2011-2015, and 2016-2020",N/A,N/A,"Black Women’s Health Study (BWHS), a prospective cohort of self-identified Black women from all regions of the United States; incident breast cancers identified by self-report and linkage to state cancer registries and the National Death Index.","Self-identified Black women. Overall BWHS enrolled 59,000 women aged 21-69 in 1995. For each 5-year validation interval, participants aged 30-70 were included if they had not been diagnosed with invasive breast cancer at the start of that interval. Exposures and outcomes were updated through biennial questionnaires; age-/time-dependent predictors were updated at the start of each interval. The article reports 50,235 Black women and 2,041 invasive breast cancers, while table titles report analyses among 52,901 participants; discrepancy retained as reported.",N/A,N/A,"2,041 invasive breast cancers",N/A,N/A,"50,235 or 52,901 Black women reported in different sections; 100% women by study design",N/A,0 by implication of women-only cohort; explicit male count N/A,N/A,BWHS enrollment age 21-69 in 1995; validation intervals included participants aged 30-70 at interval start,N/A,N/A,N/A,N/A,N/A,Self-identified Black women; no further racial/ethnic subgroup distribution reported
41299673,Cross-sectional study / nationally representative survey-based observational study,Colorectal cancer (CRC),No,1999-2018,N/A,N/A,N/A,"National Health and Nutrition Examination Survey (NHANES), CDC/NCHS, survey cycles 1999-2018; components included sociodemographic information, dietary/lifestyle questionnaire data, clinical examination results, laboratory measurements, and Medical Conditions Questionnaire cancer history.","Adults aged >=20 years from NHANES 1999-2018. Excluded participants under 20 years, lacking confirmed malignancy status, with incomplete biomarkers required for ALI calculation (neutrophil count, lymphocyte count, serum albumin, or BMI), or with missing covariates. CRC cases were self-reported doctor-diagnosed colon or rectal cancer. Final analytical cohort included 37,952 participants from 101,316 selected NHANES subjects; ML random split used 28,464 training and 9,488 held-out internal test participants.",259,"37,693",N/A,N/A,"18,835 full analytical cohort; no CRC group female 18,706; CRC group female 129",N/A,"19,117 full analytical cohort; no CRC group male 18,987; CRC group male 130",N/A,>=20 years eligibility; exact age range N/A,N/A,Full cohort mean 47.090 years (SE 0.210); no CRC mean 46.982 years (SE 0.210); CRC mean 68.581 years (SE 1.127),N/A,N/A,N/A,"Full cohort: Mexican American 6,472 (7.829%); Non-Hispanic Black 7,507 (10.094%); Non-Hispanic White 17,812 (70.661%); Other Hispanic 2,977 (5.035%); Other Race 3,184 (6.380%). CRC group: Mexican American 17 (1.760%); Non-Hispanic Black 44 (7.817%); Non-Hispanic White 177 (85.706%); Other Hispanic 13 (2.444%); Other Race 8 (2.273%).",N/A
41883289,Prospective cohort study (UK Biobank); observational cohort replication/external validation (Penn Medicine Biobank),Prostate cancer (PrCa),Yes,UK Biobank enrollment 2006-2010; median follow-up approximately 12.2 years,Penn Medicine Biobank EHR data 2003-2019; median follow-up approximately 7.0 years,UKBB approximately 12.2 years; PMBB approximately 7.0 years,N/A,"UK Biobank (UK) for development; Penn Medicine Biobank (PMBB, USA) for external validation/replication.","Male participants only; prevalent prostate cancer at baseline excluded. T2DM status determined using ICD codes, laboratory data (HbA1c >=6.5%), and self-report; type 1 diabetes excluded. Participants required genetic data and, for PMBB, at least one medical history record.",8114,122836,1041,16929,0,0,130950,17970,N/A,N/A,UKBB mean 56.3 years (SD 8.1),PMBB mean 58.3 years (SD 14.4),N/A,N/A,European descent / White-British,"PMBB: European descent 14,279; African American 3,691"
42015082,Retrospective dual-center study,Coronary heart disease (CHD),Yes,N/A,N/A,N/A,N/A,Two centers in China: Yan'an Hospital Affiliated to Kunming Medical University and Sixth Affiliated Hospital of Kunming Medical University.,"Patients with diabetes mellitus; model designed to predict coronary heart disease risk among DM patients. The article reports 12,124 clinical samples from two centers, with internal validation using a test set and 10-fold cross-validation and separate external validation. Other eligibility criteria, disease duration, prior surgeries, treatments, exposures, and detailed clinical conditions were not explicitly reported in the provided text.",N/A,N/A,N/A,N/A,N/A,N/A,N/A,N/A,N/A,N/A,N/A,N/A,N/A,N/A,N/A,N/A
41861086,Cross-sectional study,Hypertension,No,2024-12-10 to 2025-02-10,N/A,N/A,N/A,"Community-based survey data from Dinajpur District, northern Bangladesh; four randomly selected upazilas: Dinajpur Sadar, Birganj, Parbatipur, and Nawabganj; blood pressure measurements from certified/accredited diagnostic centers within the preceding month.","Adults aged >=30 years with recent blood pressure measurement available from a certified diagnostic center within the prior month. Included previously diagnosed and undiagnosed hypertension cases. Excluded participants without recent blood pressure measurement, incomplete or missing blood pressure records, or inconclusive health information. Data included sociodemographic, behavioral, medical history, comorbidity, anthropometric, and hypertension treatment/control characteristics. Stratified 70/30 split: training 718 participants, testing/internal validation approximately 308 participants.",N/A,N/A,N/A,N/A,503,N/A,523,N/A,>=30 years; age groups: 30-39 years 349 (34.1%); 40-49 years 291 (28.3%); 50-59 years 201 (19.6%); 60-69 years 128 (12.4%); >=70 years 57 (5.6%),N/A,N/A,N/A,N/A,N/A,N/A,N/A
42037684,Other,Stroke,No,N/A,N/A,N/A,N/A,N/A,"Adults after excluding participants younger than 18 years old; BMI outliers excluded (BMI >50 kg/m2 or <10 kg/m2); subject ID excluded as redundant. Baseline characteristics reported included age, sex, history of hypertension, history of heart disease, current smoking status, marital status, work type, rural residence, glucose level, and body mass index.",781,35078,N/A,N/A,N/A,N/A,"13,908 overall; stroke cases male 352; non-stroke male 13,556",N/A,N/A,N/A,Overall mean 49.3 years (SD 17.8); stroke subgroup mean 68.3 years (SD 11.9); non-stroke subgroup mean 48.9 years (SD 17.6),N/A,N/A,N/A,N/A,N/A
42039745,Retrospective cohort study,Sepsis,Yes,N/A,N/A,N/A,N/A,"Development/internal validation data source: Affiliated Huai'an No. 1 People's Hospital of Nanjing Medical University. External validation data source: Affiliated Huai'an Hospital of Xuzhou Medical University. Overall study analyzed 2,001 patients.","Patients with laboratory-confirmed multidrug-resistant Pseudomonas aeruginosa infections. Reported characteristics included demographic variables, laboratory findings, treatments/interventions, comorbidities, infection sites, acute organ injury, and complications, including prior antibiotic exposure, immunosuppression, invasive catheters, mechanical ventilation, vasoactive medications, renal replacement therapy/CRRT, CKD, COPD, secondary infections, MODS, ARDS, coagulopathy, intra-abdominal infection, urinary tract infection, pneumonia, and other infection sites. Derivation cohort included 1,182 patients; training cohort 827 and internal validation/test cohort 355. External validation cohort included 819 patients.",58,769,N/A,N/A,196,N/A,631,N/A,N/A,N/A,N/A,N/A,Training cohort median age 68.00 years (IQR 57.00-77.00); non-sepsis median 68.00 (IQR 57.00-77.00); sepsis median 69 (IQR 57.00-75.00),N/A,N/A,N/A
42061389,"GWAS meta-analysis / polygenic risk score development, training, and validation study",Type 2 diabetes,Yes,N/A,N/A,"Incident type 2 diabetes analysis median follow-up 7.4 years (IQR 3.91-9.31; range 0.05-21.96) among 17,920 individuals",N/A,"GWAS data from selected cohorts participating in Diabetes Meta-analysis of Trans-ethnic Association Studies, Million Veteran Program, and FinnGen. Other named datasets/cohorts included All of Us, BioMe, Mass General Brigham Biobank, UK Biobank, Mexican Biobank, BioBank Japan, China Kadoorie Biobank, Korea Biobank Array, Seoul National University Hospital, Singapore Diabetic Cohort Study / Singapore Prospective Study Program, Asian Indian Diabetic Heart Study / Sikh Diabetes Study, London Life Sciences Prospective Population, Vanderbilt University Medical Center/BioVU, and SIGMA.","Participants had genetic data and type 2 diabetes phenotype information. Cohorts were categorized by genetic similarity to the 1000 Genomes Project or by predominant major global ancestry group: African or African American, Admixed American, East Asian, European, and South Asian. For complication analyses, analyses were restricted to individuals with type 2 diabetes; African or African American, Admixed American, and European ancestries were analyzed because All of Us sample sizes were sufficient. Overall analysis used 409,959 type 2 diabetes cases and 1,983,345 controls; training dataset 10,992 cases and 31,792 controls; validation dataset 39,148 cases and 125,824 controls; incident analysis 2,074 incident cases and 15,846 disease-free individuals.",359819,1825729,39148,125824,N/A,N/A,N/A,N/A,N/A,N/A,N/A,N/A,N/A,N/A,"Ancestry categories: African or African American, Admixed American, East Asian, European, and South Asian; exact racial/ethnic counts or percentages N/A.",N/A
42019885,Prospective cohort study,Chronic kidney disease (CKD),No,UK Biobank recruitment/enrollment 2006-2010; follow-up ended December 2022,N/A,N/A,13.6 years,UK Biobank; incident CKD identified through hospital inpatient records using ICD-10 code N18; UK Biobank application number 97101.,"Participants from UK Biobank recruited across England, Scotland, and Wales, aged 40-69 years at recruitment, without pre-existing CKD. Exclusions included BMI <18.5 kg/m2, incomplete data for calculating metabolic health score, insufficient information to compute ABSI and HI, pre-existing CKD before enrollment, and missing key covariates. Study examined integrated obesity status, metabolic health, and body shape morphology; obesity defined as BMI >30; metabolic health score used blood pressure, C-reactive protein, triglycerides, LDL-C, HDL-C, and HbA1c; body shape categories were slim, pear, wide, and apple.",16037,327956,N/A,N/A,182918,N/A,161075,N/A,40-69 years,N/A,Overall mean 56.3 years (SD 8.1); CKD cases mean 62.0 years (SD 6.1); non-CKD mean 56.0 years (SD 8.1),N/A,N/A,N/A,"White 330,391 (96.0%); Black 3,694 (1.1%); Asian 5,736 (1.7%); Others 4,172 (1.2%). CKD cases: White 15,429 (96.2%); Black 207 (1.3%); Asian 255 (1.6%); Others 146 (0.9%). Non-CKD: White 314,962 (96.0%); Black 3,487 (1.1%); Asian 5,481 (1.7%); Others 4,026 (1.2%).",N/A
40117478,Prospective observational cohort study,venous thromboembolism (VTE) ,Yes,N/A,July 2019 to April 2024,N/A,354 days (IQR 207-443 days),"Vienna Cancer, Thrombosis and Bleeding study (CAT-BLED); oncological day clinic of the Vienna General Hospital, Medical University of Vienna, Vienna, Austria; ongoing prospective observational single-center cohort study.","Ambulatory patients with histologically confirmed newly diagnosed cancer or recurrent/progressive cancer initiating systemic anticancer therapy; written informed consent required. Exclusions included age <18 years, inability/refusal to consent, and anticoagulation therapy for this analysis. Stage: localized 160 (19.8%), lymph node involvement 144 (17.9%), metastatic 502 (62.3%). Disease status: newly diagnosed 434 (53.9%), recurrent/progressive 372 (46.1%). Treatment at inclusion: chemotherapy 389 (48.3%), ICI plus chemotherapy 134 (16.6%), ICI monotherapy 124 (15.4%), targeted therapy plus chemotherapy 100 (12.4%), targeted monotherapy 46 (5.7%), ICI plus targeted therapy 13 (1.6%). Antiplatelet therapy 140 (17.4%); history of VTE 43 (5.3%).",N/A,N/A,91,715,N/A,399,N/A,407,N/A,N/A,N/A,N/A,N/A,61 years (IQR 53-69),N/A,N/A
41952123,Retrospective study / retrospective cohort-type analysis,Osteoporosis (OP),No,January 2023 to June 2025,N/A,N/A,N/A,Health Management Center of the First Affiliated Hospital of the University of Science and Technology of China; Health Management System (HMS); Hospital Information System (HIS); lumbar spine DXA BMD reports.,"Older adults aged >=60 years who underwent routine physical examinations. Women were eligible if natural menopause lasted >=12 months or bilateral ovariectomy. Participants required clear consciousness allowing effective communication and complete physical-examination data. Exclusions included psychiatric disorders or cognitive impairment, use within six months of drugs influencing bone metabolism such as glucocorticoids or calcitonin, inability to cooperate with BMD measurement, malignant tumors, or other severe systemic diseases. Initially assessed 8,720; excluded 477 for missing values in one or more of 31 candidate variables; final analytical cohort 8,243.",4302,3941,N/A,N/A,5070,N/A,3173,N/A,>=60 years,N/A,Overall mean 68.60 years (SD 6.95); non-osteoporosis mean 67.43 years (SD 6.66); osteoporosis mean 69.67 years (SD 7.04),N/A,N/A,N/A,Chinese older adults / older adults in China; detailed racial or ethnic distribution N/A,N/A
40670424,Retrospective and cross-sectional study,Rheumatoid arthritis (RA),No,January 2010 to August 2022; outcomes last updated August 2022,N/A,N/A,N/A,"Taiwan Precision Medicine Initiative (TPMI); Taichung Veterans General Hospital (VGHTC); genetic profiles linked to electronic health records including physical measurements, blood biochemical analyses, diagnostic information, and genotyping with Affymetrix TWB 2.0 SNP chip.","Eligible adults aged >=20 years. RA cases identified using ICD-9/ICD-10 codes 714, M05, and M06 recorded more than once during inpatient admissions and twice in outpatient clinics; ICD-10 M06.1 excluded; RA patients selected based on 2010 ACR/EULAR RA classification criteria. Controls matched to cases by age, sex, and periodontitis symptoms at 1:4 ratio. Initial TPMI cohort 43,035; initially selected RA patients 2,183 and controls 8,732; matched sample before QC 10,915; final study population 9,992. RA onset groups: YORA <60 years, EORA >=60 years. Clinical variables included RF, ACPA, disease activity, comorbidities, csDMARDs, bDMARDs, tsDMARDs, and bone erosion by X-ray or ultrasound.",2042,7950,N/A,N/A,"RA population women 1,611; full combined sample female count N/A",N/A,RA population men 431; full combined sample male count N/A,N/A,>=20 years eligibility; exact age range N/A,N/A,"RA population by PRS quartile mean age (SD): Q1 57.71 (14.13), Q2 56.84 (12.89), Q3 58.36 (12.87), Q4 56.64 (13.91); YORA total 1,537 and EORA total 505",N/A,N/A,N/A,Taiwanese / Chinese Han ancestry; detailed racial or ethnic percentages N/A,N/A
39510220,Prospective cohort study,Inflammatory bowel disease (IBD),No,UK Biobank recruitment 2006-2010; dietary recall assessment February 2011 to April 2012,N/A,11.4 years,N/A,UK Biobank; nationwide inpatient data; primary care data; repeated online 24-hour dietary recalls; UK Biobank genetic information; PRS constructed using SNPs from prior GWAS among European participants.,"Participants were IBD-free at baseline. Exclusions included 41 UK Biobank withdrawals, 22,303 participants with implausible energy intake or no daily typical diet yesterday, and 2,439 participants with baseline IBD. Genetic-related analyses further excluded 7,392 non-Caucasian participants and 23,369 participants without genetic information. Exposure was dietary total antioxidant capacity calculated using oxygen radical absorbance capacity from repeated 24-hour dietary recalls. Genetic susceptibility included PRS for CD/UC and antioxidant enzyme variants including rs4880 in SOD2, rs2234694 in SOD1, and rs7943316 in catalase. Genetic-related analysis dataset total 154,407.",396 CD; 809 UC,N/A,N/A,N/A,N/A,N/A,N/A,N/A,N/A,N/A,N/A,N/A,N/A,N/A,"N/A; genetic analyses excluded 7,392 non-Caucasian participants to minimize population structure bias",N/A
40739282,Other,COVID-19,No,January 2020 to January 2022,N/A,N/A,N/A,"IoT indoor environmental monitoring sensors in primary, elementary, and secondary schools in various cities across the province of Lecce, southern Italy. Sensors measured indoor air quality parameters at 5-minute intervals and sent data to the cloud, from which daily CSV reports could be downloaded; work conducted in collaboration with a manufacturer of indoor environmental monitoring devices.","Dataset consists of indoor environmental measurements rather than clinical patient-level samples. Settings included schools in the province of Lecce, southern Italy, with sensors placed in different classroom locations including near windows, next to doors, and other representative positions. Measured parameters included humidity, temperature, CO2, CO2-equivalent, PM10, PM2.5, and other air-quality variables. No human participant eligibility criteria, disease history, treatments, surgeries, or clinical exposures were reported. Development dataset included approximately 35,000 observations labeled into three risk clusters, but explicit counts by cluster were not provided.",N/A,N/A,N/A,N/A,N/A,N/A,N/A,N/A,N/A,N/A,N/A,N/A,N/A,N/A,N/A,N/A
40624673,Retrospective cohort study,Postoperative pneumonia (POP),No,February 2015 to February 2024,N/A,N/A,N/A,Affiliated Dandong Central Hospital of China Medical University / Dandong Central Hospital; medical records of geriatric patients with hip fractures.,"Geriatric patients aged >=60 years diagnosed with hip fractures who underwent hip fracture surgery. Exclusions included age <60 years, preoperative pneumonia, death within 48 hours after surgery, incomplete medical records, multiple fractures, conservative treatment. Fracture types included femoral neck fracture, intertrochanteric fracture, and subtrochanteric fracture. Procedures included total hip arthroplasty, hemiarthroplasty, intramedullary nail, plate/screw, and multiple screws. POP defined as new postoperative infiltrates on chest X-ray in patients without preoperative pneumonia plus at least one clinical/laboratory/microbiological criterion. Overall cohort 1,296 with 118 POP events and 1,178 non-events; random split training 908 and internal validation 388.",75,833,N/A,N/A,N/A,N/A,378,N/A,N/A,N/A,Training mean 74.70 years (SD 9.54); POP patients in training older than non-POP: 81.9 vs 74.0 years; internal validation mean 75.12 years (SD 9.92),N/A,N/A,N/A,N/A,N/A
40498087,Retrospective cohort study,acute kidney injury,No,January 1 2013 to October 1 2023,N/A,N/A,N/A,"Electronic medical record management system of the Second Affiliated Hospital and Yuying Children's Hospital of Wenzhou Medical University, a large tertiary hospital in China.","Children diagnosed with septic shock, aged 29 days to under 18 years. Sepsis defined as systemic inflammatory response syndrome with suspected/confirmed infection; septic shock defined as severe infection causing cardiovascular dysfunction including hypotension, vasoactive medication requirement, or impaired perfusion. AKI defined by KDIGO 2012 criteria using serum creatinine increase or urine output decrease. SA-AKI diagnosed when criteria for sepsis and AKI were met within 7 days of sepsis onset. Exclusions included signs of AKI at admission and missing information. Clinical/laboratory data were collected before AKI diagnosis from routine blood and urine samples after admission.",80,100,N/A,N/A,79,N/A,101,N/A,29 days to under 18 years,N/A,N/A,N/A,2.95 years; IQR N/A,N/A,N/A,N/A
41022462,Population based cohort study,Cirrhosis,Yes,AMORIS laboratory data collected in Stockholm region 1985-1996; follow-up censored at 31 December 2020 or emigration,UK Biobank baseline date range N/A; FINRISK 2002-2012 and Health 2000 cohort named,AMORIS median 27.7 years (IQR 22.6-32.2); MALO 19.7 years (IQR 12.4-25.5); non-MALO death 20.4 years (IQR 12.8-26.5); survived without MALO 30.4 years (IQR 26.5-33.5),UK Biobank median 13.7 years (IQR 13.0-14.5); FINRISK + Health 2000 median 12.0 years (IQR 7.0-17.0),"Development dataset: AMORIS cohort, based on people undergoing health examination with laboratory data from primary care or occupational health screenings in Stockholm region; matched to Swedish inpatient/outpatient registers, cancer register, and cause of death register. External validation: UK Biobank; FINRISK 2002-12 and Health 2000 cohorts.","Individuals without known history of liver disease. Development eligibility included age 18-80 years at baseline and follow-up starting at first recorded laboratory candidate predictor. Exclusions included no laboratory values among candidate predictors, previous MALO, known liver disease at/before baseline including viral or autoimmune hepatitis, other alcohol/drug-related disorders at/before baseline, age outside 18-80, and extreme values for some laboratory variables. External validation used same outcome definition and baseline exclusions, complete-case analysis with no imputation. AMORIS total 480,651; UK Biobank 449,806; FINRISK + Health 2000 24,191.",7168,"Non-MALO death 165,218; alive/censored without MALO 308,265",1883,N/A,222541,N/A,258110,"UK Biobank male 205,112; FINRISK + Health 2000 male 13,015",18-80 years,N/A,N/A,N/A,AMORIS median age 47 years (IQR 39-56); UK Biobank median 58 (IQR 50-63); FINRISK + Health 2000 median 50 (IQR 39-61),N/A,"AMORIS birth country: Sweden 407,111 (84.7%); rest of Europe 59,120 (12.3%); rest of world 14,420 (3.0%); racial/ethnic composition N/A",N/A
40594406,Cross-sectional study,Obstructive sleep apnea (OSA),No,2019-2021,N/A,N/A,N/A,"Korea National Health and Nutrition Examination Survey (KNHANES), eighth cycle 2019-2021; nationwide population-based survey conducted by the Korea Centers for Disease Control and Prevention.","Adults from KNHANES 2019-2021 with available data for OSA risk assessment and insulin resistance surrogate markers. Initial KNHANES sample size 22,559; final analyzed sample 8,606. Variables included age, sex, marital status, education, household income, smoking, drinking, aerobic exercise, anaerobic exercise, BMI, hypertension, diabetes, dyslipidemia, fasting glucose, HbA1c, fasting insulin, triglycerides, TyG index, and HOMA-IR. Exclusion criteria referenced in Fig. 1 but not fully enumerated in provided text. High OSA risk defined as STOP-BANG score >=3.",2087,6519,N/A,N/A,4562,N/A,4044,N/A,N/A,N/A,Low-risk OSA group mean age 58.0 years (SD 11.6); high-risk OSA group mean age 61.1 years (SD 10.4); overall mean age N/A,N/A,N/A,N/A,Korean adults from KNHANES; detailed racial/ethnic distribution N/A,N/A
40401370,Prospective cohort study,Atrial fibrillation,Yes,UK Biobank recruitment 2006-2010; UKB-PPP follow-up through 2020,ARIC visit 3 samples analyzed 1993-1995; 15-year follow-up window applied for comparison between UKB-PPP and ARIC,UKB-PPP test set median follow-up 11.8 years (IQR 11.1-12.5); derivation set follow-up N/A,ARIC external validation follow-up N/A; article states ARIC had longer follow-up but exact median/IQR or mean/SD N/A,"UK Biobank Pharma Proteomics Project (UKB-PPP), a UK Biobank subcohort with plasma proteomics measured using Olink Explore; Atherosclerosis Risk in Communities Study (ARIC) with plasma proteomics measured using SomaScan version 4. Outcomes from linked health records: UKB-PPP primary care, hospital inpatient records, death register; ARIC hospitalization records, death certificates, and study visit ECGs.","Main incident AF prediction population included individuals with plasma proteomic data and no history of AF at baseline. UKB-PPP included 1,459 unique plasma proteins after excluding NPM1, PCOLCE, CTSS, and TACSTD2 because >10% measurements were missing. ARIC visit 3 participants with available proteomic data and no AF history were included. Exploratory analysis included individuals with prior AF for death or stroke outcome; baseline model included CHA2DS2-VASc score, NT-proBNP, and oral anticoagulant use. UKB-PPP total for incident AF 51,680; derivation 36,176 and test 15,504. ARIC external validation 11,012. AF-history populations: UKB-PPP 1,025 and ARIC 171.",2155,34021,1260,9752,19667,6037,16509,4975,N/A,N/A,N/A,N/A,UKB-PPP derivation median age 59 years (IQR 51-64); UKB-PPP test median 59 (IQR 50-64); ARIC median 60 (IQR 55-65),N/A,"UKB-PPP derivation: Black 884 (2.4%), Asian 795 (2.2%), White 33,669 (93.1%), mixed/unknown 828 (2.3%); UKB-PPP test: Black 312 (2.0%), Asian 321 (2.1%), White 14,491 (93.5%), mixed/unknown 380 (2.5%)","ARIC: Black 2,318 (21.1%), White 9,524 (77.0%); Asian and mixed/unknown N/A"